{"dao_id": "0x00eth.eth", "L": 1.5073529411764706, "C": 0.8757326007326007, "L_zscore": 1.3815532016160017, "C_zscore": 10.755484102646115, "lambda": 1.036400404448938, "gamma": 1.5197654036768014, "Cr_mu": 0.5762288038758626, "Cr_std": 0.02784661238847006, "Lr_mu": 1.4544117647058825, "Lr_std": 0.038320041825868734, "closeness": 0.40047108097924794, "betweenness": 0.014935064935064938}