{"dao_id": 1036, "L": 1.4, "C": 0.5999999999999999, "L_zscore": 2.011435198964418, "C_zscore": -1.0713113364594284, "lambda": 1.1764705882352942, "gamma": 0.7758620689655171, "Cr_mu": 0.7733333333333333, "Cr_std": 0.16179548132682134, "Lr_mu": 1.19, "Lr_std": 0.10440306508910549, "closeness": 0.49396825396825395, "betweenness": 0.06666666666666667}