{"dao_id": 1050, "L": 1.4505494505494505, "C": 0.8101969459112316, "L_zscore": 7.756630173800764, "C_zscore": 3.7767397130152367, "lambda": 1.1272416737830915, "gamma": 1.1313876654299153, "Cr_mu": 0.7161090496804783, "Cr_std": 0.02491246508371008, "Lr_mu": 1.2868131868131867, "Lr_std": 0.021109200782745675, "closeness": 0.5354806632032074, "betweenness": 0.024404761904761905}