{"dao_id": 1052, "L": 1.4285714285714286, "C": 0.9285714285714286, "L_zscore": 6.076923076923079, "C_zscore": 1.5494322242945764, "lambda": 1.2461059190031154, "gamma": 1.087562744004462, "Cr_mu": 0.8538095238095238, "Cr_std": 0.048251161676944154, "Lr_mu": 1.1464285714285714, "Lr_std": 0.04642857142857143, "closeness": 0.5550505050505049, "betweenness": 0.047619047619047616}