{"dao_id": 1106, "L": 1.5909090909090908, "C": 0.7000000000000001, "L_zscore": 1.8019723214034817, "C_zscore": 3.9396477563335406, "lambda": 1.058467741935484, "gamma": 1.3293142426526, "Cr_mu": 0.5265873015873016, "Cr_std": 0.04401731046485388, "Lr_mu": 1.503030303030303, "Lr_std": 0.0487681119376699, "closeness": 0.35574824638582375, "betweenness": 0.023214285714285715}