{"dao_id": 1347, "L": 1.7333333333333334, "C": 0.25, "L_zscore": 1.8955674224406702, "C_zscore": -0.3903321059017926, "lambda": 1.1659192825112108, "gamma": 0.7165605095541402, "Cr_mu": 0.34888888888888886, "Cr_std": 0.2533455162762585, "Lr_mu": 1.4866666666666668, "Lr_std": 0.1301281419729543, "closeness": 0.32385397340754485, "betweenness": 0.06547619047619047}