{"dao_id": 1374, "L": 1.511111111111111, "C": 0.7094444444444445, "L_zscore": 2.7937211830783113, "C_zscore": 0.8674562310974948, "lambda": 1.133333333333333, "gamma": 1.0636601618277013, "Cr_mu": 0.6669841269841269, "Cr_std": 0.04894808053496529, "Lr_mu": 1.3333333333333335, "Lr_std": 0.0636347602812282, "closeness": 0.4649580199212553, "betweenness": 0.034848484848484844}