{"dao_id": 1376, "L": 1.1111111111111112, "C": 0.9153439153439152, "L_zscore": 9.500000000000039, "C_zscore": -7.119047619047627, "lambda": 1.1049723756906078, "gamma": 0.9204575685022611, "Cr_mu": 0.9944444444444445, "Cr_std": 0.011111111111111117, "Lr_mu": 1.0055555555555555, "Lr_std": 0.011111111111111073, "closeness": 0.9104377104377104, "betweenness": 0.015873015873015872}