{"dao_id": 1400, "L": 1.480952380952381, "C": 0.8302912973965606, "L_zscore": 8.647361976862017, "C_zscore": 2.1011954443810703, "lambda": 1.1943164362519203, "gamma": 1.0733963099201487, "Cr_mu": 0.7735179352892755, "Cr_std": 0.027019553206773832, "Lr_mu": 1.2399999999999998, "Lr_std": 0.02786426445395765, "closeness": 0.6319844540476192, "betweenness": 0.021861471861471863}