{"dao_id": 1475, "L": 1.9333333333333333, "C": 0.5610524891774892, "L_zscore": 2.28678843780476, "C_zscore": 3.2705227602435123, "lambda": 1.113778204512722, "gamma": 1.2900259106306162, "Cr_mu": 0.43491567460317465, "Cr_std": 0.038567783752381776, "Lr_mu": 1.7358333333333333, "Lr_std": 0.0863656631872747, "closeness": 0.12222228341616129, "betweenness": 0.006842619745845553}