{"dao_id": 1525, "L": 1.2142857142857142, "C": 0.8761904761904762, "L_zscore": 3.843075691322092, "C_zscore": -1.9368702670020848, "lambda": 1.1643835616438356, "gamma": 0.9130947211711431, "Cr_mu": 0.9595833333333335, "Cr_std": 0.04305546869276584, "Lr_mu": 1.0428571428571427, "Lr_std": 0.044607128559988565, "closeness": 0.19736847643097644, "betweenness": 0.0035714285714285713}