{"dao_id": 1530, "L": 1.1, "C": 0.9, "L_zscore": 0.9045340337332914, "C_zscore": -1.290994448735803, "lambda": 1.0576923076923077, "gamma": 0.9310344827586208, "Cr_mu": 0.9666666666666666, "Cr_std": 0.05163977794943224, "Lr_mu": 1.04, "Lr_std": 0.06633249580710801, "closeness": 0.20444444444444443, "betweenness": 0.0027777777777777775}