{"dao_id": 1540, "L": 1.2307692307692308, "C": 0.8649655899655899, "L_zscore": 23076.92307692308, "C_zscore": -13503.441003441007, "lambda": 1.2307692307692308, "gamma": 0.8649655899655899, "Cr_mu": 1.0, "Cr_std": 0.0, "Lr_mu": 1.0, "Lr_std": 0.0, "closeness": 0.49419351475253553, "betweenness": 0.00857843137254902}