{"dao_id": 1550, "L": 1.2, "C": 0.8666666666666666, "L_zscore": 0.3333333333333339, "C_zscore": 0.3283224004804079, "lambda": 1.0256410256410258, "gamma": 1.0699588477366255, "Cr_mu": 0.8099999999999999, "Cr_std": 0.17259457954666158, "Lr_mu": 1.17, "Lr_std": 0.08999999999999993, "closeness": 0.4063492063492063, "betweenness": 0.019047619047619046}