{"dao_id": 1571, "L": 1.5238095238095237, "C": 0.6476190476190476, "L_zscore": 0.1507556722888813, "C_zscore": 2.457903517908485, "lambda": 1.0062893081761006, "gamma": 1.7503217503217505, "Cr_mu": 0.37, "Cr_std": 0.11294953019770414, "Lr_mu": 1.5142857142857142, "Lr_std": 0.06317380553057904, "closeness": 0.40177322677322674, "betweenness": 0.04365079365079364}