{"dao_id": 1602, "L": 1.290909090909091, "C": 0.9009379509379509, "L_zscore": 13.632009505876828, "C_zscore": -2.910966152262309, "lambda": 1.2390924956369982, "gamma": 0.9412571704243081, "Cr_mu": 0.9571645021645022, "Cr_std": 0.019315425973900048, "Lr_mu": 1.041818181818182, "Lr_std": 0.018272501129310736, "closeness": 0.5614108951213024, "betweenness": 0.018648018648018648}