{"dao_id": 1610, "L": 1.5620915032679739, "C": 0.7110136776803443, "L_zscore": 6.3210114427527335, "C_zscore": -0.1384974855640535, "lambda": 1.1979949874686717, "gamma": 0.9942904371518227, "Cr_mu": 0.7150965664691155, "Cr_std": 0.029479876635615, "Lr_mu": 1.303921568627451, "Lr_std": 0.040843136731942474, "closeness": 0.24875109525196457, "betweenness": 0.007845283707352673}