{"dao_id": 1616, "L": 1.0888888888888888, "C": 0.9301587301587302, "L_zscore": 8888.88888888888, "C_zscore": -6984.126984126981, "lambda": 1.0888888888888888, "gamma": 0.9301587301587302, "Cr_mu": 1.0, "Cr_std": 0.0, "Lr_mu": 1.0, "Lr_std": 0.0, "closeness": 0.54752331002331, "betweenness": 0.004662004662004662}