{"dao_id": 188, "L": 1.4, "C": 0.8277777777777778, "L_zscore": 7.992435940191474, "C_zscore": -2.5455669845588647, "lambda": 1.3006756756756752, "gamma": 0.8915361183637944, "Cr_mu": 0.9284848484848487, "Cr_std": 0.0395617445221238, "Lr_mu": 1.0763636363636366, "Lr_std": 0.040492831729672885, "closeness": 0.2972956373691668, "betweenness": 0.010784313725490196}