{"dao_id": "1doge.eth", "L": 1.3717948717948718, "C": 0.8354090354090354, "L_zscore": 4.6072133762546335, "C_zscore": 0.32723716441311057, "lambda": 1.1630434782608696, "gamma": 1.0202388537190419, "Cr_mu": 0.8188367188367188, "Cr_std": 0.05064313707166647, "Lr_mu": 1.1794871794871795, "Lr_std": 0.04174056563102489, "closeness": 0.16503264581378418, "betweenness": 0.003304843304843305}