{"dao_id": 21, "L": 1.789855072463768, "C": 0.7525421359399688, "L_zscore": 0.7342463429183534, "C_zscore": 11.438775751489162, "lambda": 1.032824587079239, "gamma": 1.587588875578692, "Cr_mu": 0.4740157527657528, "Cr_std": 0.024349317551570663, "Lr_mu": 1.7329710144927535, "Lr_std": 0.07747271541717433, "closeness": 0.24055126227532464, "betweenness": 0.009352209352209352}