{"dao_id": 228, "L": 1.4860215053763441, "C": 0.7924302447423477, "L_zscore": 14.019632880608931, "C_zscore": 6.604350109832472, "lambda": 1.1522427880606971, "gamma": 1.0918425189358962, "Cr_mu": 0.7257733885603264, "Cr_std": 0.010092871376213603, "Lr_mu": 1.2896774193548386, "Lr_std": 0.014004937767883799, "closeness": 0.414325259161043, "betweenness": 0.007624831309041835}