{"dao_id": 296, "L": 1.7222222222222223, "C": 0.45238095238095233, "L_zscore": -1.936267599885253, "C_zscore": 2.1461205660064886, "lambda": 0.8504801097393693, "gamma": 2.4428571428571426, "Cr_mu": 0.18518518518518517, "Cr_std": 0.12450175047386379, "Lr_mu": 2.0249999999999995, "Lr_std": 0.15637186605597303, "closeness": 0.32842712842712835, "betweenness": 0.03939393939393939}