{"dao_id": 364, "L": 1.1166666666666667, "C": 0.9291666666666667, "L_zscore": 11666.666666666668, "C_zscore": -7083.333333333329, "lambda": 1.1166666666666667, "gamma": 0.9291666666666667, "Cr_mu": 1.0, "Cr_std": 0.0, "Lr_mu": 1.0, "Lr_std": 0.0, "closeness": 0.17431239737274218, "betweenness": 0.00065359477124183}