{"dao_id": 49, "L": 1.3790849673202614, "C": 0.7747937247937249, "L_zscore": 14.120050176733226, "C_zscore": -8.04074297981236, "lambda": 1.3056930693069306, "gamma": 0.8163044608818127, "Cr_mu": 0.9491479734862089, "Cr_std": 0.021683848013825308, "Lr_mu": 1.0562091503267974, "Lr_std": 0.022866478019001178, "closeness": 0.4543831618719238, "betweenness": 0.010916619612271786}