{"dao_id": 494, "L": 1.4444444444444444, "C": 0.8507936507936509, "L_zscore": 3.9448295007549126, "C_zscore": 1.104875777806986, "lambda": 1.1738148984198644, "gamma": 1.0973862007779978, "Cr_mu": 0.7752910052910054, "Cr_std": 0.06833586817561249, "Lr_mu": 1.2305555555555556, "Lr_std": 0.054220059155397564, "closeness": 0.24678813250241824, "betweenness": 0.011721611721611723}