{"dao_id": 580, "L": 1.0206896551724138, "C": 0.9825761722313444, "L_zscore": 2068.965517241383, "C_zscore": -1742.3827768655585, "lambda": 1.0206896551724138, "gamma": 0.9825761722313444, "Cr_mu": 1.0, "Cr_std": 0.0, "Lr_mu": 1.0, "Lr_std": 0.0, "closeness": 0.9180431038495552, "betweenness": 0.0006674082313681867}