{"dao_id": 596, "L": 1.4725274725274726, "C": 0.8089581053866768, "L_zscore": 5.555025139216617, "C_zscore": 2.356599968694316, "lambda": 1.1384876805437552, "gamma": 1.125710425718949, "Cr_mu": 0.7186200704057846, "Cr_std": 0.03833405591995504, "Lr_mu": 1.2934065934065937, "Lr_std": 0.032244836815651025, "closeness": 0.6080995919043484, "betweenness": 0.0315018315018315}