{"dao_id": 600, "L": 1.6666666666666667, "C": 0.39999999999999997, "L_zscore": -0.02722663850586514, "C_zscore": 0.9790977591084599, "lambda": 0.9971509971509973, "gamma": 1.5671641791044777, "Cr_mu": 0.2552380952380952, "Cr_std": 0.14785235020221174, "Lr_mu": 1.6714285714285713, "Lr_std": 0.17489873973530437, "closeness": 0.2934676434676434, "betweenness": 0.03888888888888889}