{"dao_id": 623, "L": 1.2666666666666666, "C": 0.7666666666666666, "L_zscore": -0.6405126152203471, "C_zscore": 1.0235794933177187, "lambda": 0.9595959595959597, "gamma": 1.2288512911843275, "Cr_mu": 0.6238888888888889, "Cr_std": 0.1394887047951629, "Lr_mu": 1.3199999999999998, "Lr_std": 0.08326663997864533, "closeness": 0.3395061728395061, "betweenness": 0.015873015873015872}