{"dao_id": 64, "L": 1.7512605042016807, "C": 0.7137310651261194, "L_zscore": 19.575358483972973, "C_zscore": 10.82007265934538, "lambda": 1.146819282412503, "gamma": 1.241012262566399, "Cr_mu": 0.5751200746801097, "Cr_std": 0.01281054155641832, "Lr_mu": 1.5270588235294116, "Lr_std": 0.011453260529345135, "closeness": 0.3101972621343721, "betweenness": 0.008614708603145236}