{"dao_id": 678, "L": 1.1818181818181819, "C": 0.891053391053391, "L_zscore": 33.00000000000021, "C_zscore": -19.64021164021178, "lambda": 1.17967332123412, "gamma": 0.8926764391245264, "Cr_mu": 0.9981818181818183, "Cr_std": 0.005454545454545424, "Lr_mu": 1.0018181818181817, "Lr_std": 0.005454545454545424, "closeness": 0.521310191639862, "betweenness": 0.009157509157509158}