{"dao_id": 686, "L": 1.0099591419816139, "C": 0.9913000598781296, "L_zscore": 995.914198161385, "C_zscore": -869.9940121870363, "lambda": 1.0099591419816139, "gamma": 0.9913000598781296, "Cr_mu": 1.0, "Cr_std": 0.0, "Lr_mu": 1.0, "Lr_std": 0.0, "closeness": 0.8508844782764363, "betweenness": 9.098544232922732e-05}