{"dao_id": 690, "L": 1.5357142857142858, "C": 0.6958333333333333, "L_zscore": -1.1327562450137405, "C_zscore": 4.100773778522662, "lambda": 0.9090909090909091, "gamma": 1.85761957730812, "Cr_mu": 0.3745833333333333, "Cr_std": 0.07833887391753003, "Lr_mu": 1.6892857142857145, "Lr_std": 0.1355732349721593, "closeness": 0.5295495014245015, "betweenness": 0.05952380952380952}