{"dao_id": 702, "L": 1.1071428571428572, "C": 0.9285714285714286, "L_zscore": 10714.28571428572, "C_zscore": -7142.8571428571395, "lambda": 1.1071428571428572, "gamma": 0.9285714285714286, "Cr_mu": 1.0, "Cr_std": 0.0, "Lr_mu": 1.0, "Lr_std": 0.0, "closeness": 0.915625, "betweenness": 0.017857142857142856}