{"dao_id": 763, "L": 1.0545454545454545, "C": 0.9525252525252526, "L_zscore": 5454.545454545445, "C_zscore": -4747.474747474745, "lambda": 1.0545454545454545, "gamma": 0.9525252525252526, "Cr_mu": 1.0, "Cr_std": 0.0, "Lr_mu": 1.0, "Lr_std": 0.0, "closeness": 0.6721056721056721, "betweenness": 0.003496503496503496}