{"dao_id": 782, "L": 1.89010989010989, "C": 0.2435064935064935, "L_zscore": -2.647765506484448, "C_zscore": 1.8308228637022348, "lambda": 0.6809184481393508, "gamma": 4.446640316205533, "Cr_mu": 0.05476190476190477, "Cr_std": 0.10309276363466159, "Lr_mu": 2.7758241758241757, "Lr_std": 0.3345138697309667, "closeness": 0.10243722791934574, "betweenness": 0.005443548387096775}