{"dao_id": 792, "L": 1.5238095238095237, "C": 0.5619047619047619, "L_zscore": -0.2229882438741508, "C_zscore": 0.7725790122017638, "lambda": 0.9815950920245398, "gamma": 1.3053097345132745, "Cr_mu": 0.43047619047619046, "Cr_std": 0.17011667331476518, "Lr_mu": 1.5523809523809524, "Lr_std": 0.12812975282927344, "closeness": 0.511525974025974, "betweenness": 0.06547619047619047}