{"dao_id": 798, "L": 1.5256410256410255, "C": 0.7564047064047064, "L_zscore": 8.440321781190889, "C_zscore": 0.29362214762326094, "lambda": 1.223021582733813, "gamma": 1.0160160309406696, "Cr_mu": 0.7444810744810745, "Cr_std": 0.04060876204383189, "Lr_mu": 1.2474358974358974, "Lr_std": 0.03296143623636523, "closeness": 0.3114532122091403, "betweenness": 0.014103887168902651}