{"dao_id": 826, "L": 1.6444444444444444, "C": 0.5566666666666668, "L_zscore": 4.044674263168569, "C_zscore": -1.651760375685214, "lambda": 1.2151067323481115, "gamma": 0.8409870266900077, "Cr_mu": 0.6619206349206348, "Cr_std": 0.06372229882939566, "Lr_mu": 1.3533333333333335, "Lr_std": 0.07197393218089619, "closeness": 0.42963479051907855, "betweenness": 0.04393939393939394}