{"dao_id": 833, "L": 1.2857142857142858, "C": 0.825, "L_zscore": 3.23199367767484, "C_zscore": -1.3019749909513298, "lambda": 1.1650485436893203, "gamma": 0.9165454304986114, "Cr_mu": 0.9001190476190475, "Cr_std": 0.0576962292986591, "Lr_mu": 1.1035714285714286, "Lr_std": 0.05635619227878389, "closeness": 0.2441433566433566, "betweenness": 0.007326007326007326}