{"dao_id": 839, "L": 1.7428571428571429, "C": 0.712116402116402, "L_zscore": -4.07121071226124, "C_zscore": 9.079205306370943, "lambda": 0.5982347172278523, "gamma": 8.545396825396825, "Cr_mu": 0.08333333333333333, "Cr_std": 0.0692552979655441, "Lr_mu": 2.913333333333333, "Lr_std": 0.2875007640727301, "closeness": 0.29545773979107304, "betweenness": 0.019548872180451128}