{"dao_id": "88mph.eth", "L": 1.0487062404870624, "C": 0.978590664847673, "L_zscore": 4870.62404870624, "C_zscore": -2140.933515232701, "lambda": 1.0487062404870624, "gamma": 0.978590664847673, "Cr_mu": 1.0, "Cr_std": 0.0, "Lr_mu": 1.0, "Lr_std": 0.0, "closeness": 0.6306470410747131, "betweenness": 0.00036318238565429564}