{"dao_id": 966, "L": 1.5, "C": 0.4333333333333334, "L_zscore": 2.166666666666665, "C_zscore": -1.0109481799181013, "lambda": 1.2096774193548385, "gamma": 0.6074766355140188, "Cr_mu": 0.7133333333333334, "Cr_std": 0.2769677077045465, "Lr_mu": 1.2400000000000002, "Lr_std": 0.11999999999999998, "closeness": 0.46349206349206346, "betweenness": 0.08333333333333333}