{"dao_id": 987, "L": 1.054945054945055, "C": 0.956876456876457, "L_zscore": 5494.505494505497, "C_zscore": -4312.354312354305, "lambda": 1.054945054945055, "gamma": 0.956876456876457, "Cr_mu": 1.0, "Cr_std": 0.0, "Lr_mu": 1.0, "Lr_std": 0.0, "closeness": 0.5072911035759332, "betweenness": 0.0017199862401100791}