{"dao_id": "achievmintry", "L": 1.0049261083743843, "C": 0.9952563400839259, "L_zscore": 492.6108374384341, "C_zscore": -474.3659916074061, "lambda": 1.0049261083743843, "gamma": 0.9952563400839259, "Cr_mu": 1.0, "Cr_std": 0.0, "Lr_mu": 1.0, "Lr_std": 0.0, "closeness": 0.24446530515746362, "betweenness": 2.1605738484141386e-05}