{"dao_id": "alphrdao.eth", "L": 1.4261363636363635, "C": 0.8915776146338158, "L_zscore": 16.149379837498447, "C_zscore": 0.15628928422802382, "lambda": 1.2751905165114308, "gamma": 1.0032998628100767, "Cr_mu": 0.8886452073626867, "Cr_std": 0.018762689237547144, "Lr_mu": 1.1183712121212122, "Lr_std": 0.019057397535509602, "closeness": 0.3830874367045245, "betweenness": 0.005285412262156447}