{"dao_id": "ampleforthorg.eth", "L": 1.0530020703933747, "C": 0.996882231153331, "L_zscore": 5300.207039337467, "C_zscore": -311.7768846669033, "lambda": 1.0530020703933747, "gamma": 0.996882231153331, "Cr_mu": 1.0, "Cr_std": 0.0, "Lr_mu": 1.0, "Lr_std": 0.0, "closeness": 0.23501517825558377, "betweenness": 9.329922080572624e-05}