{"dao_id": "anj", "L": 1.2134238310708898, "C": 0.8999563290156284, "L_zscore": 21342.38310708898, "C_zscore": -10004.36709843716, "lambda": 1.2134238310708898, "gamma": 0.8999563290156284, "Cr_mu": 1.0, "Cr_std": 0.0, "Lr_mu": 1.0, "Lr_std": 0.0, "closeness": 0.3721849589147284, "betweenness": 0.001239988082093345}