{"dao_id": "apoyield.eth", "L": 1.4166666666666667, "C": 0.9404761904761906, "L_zscore": 4.997560380435409, "C_zscore": 3.3214022241294616, "lambda": 1.1434977578475338, "gamma": 1.2270468038105757, "Cr_mu": 0.7664550264550265, "Cr_std": 0.052393884353098774, "Lr_mu": 1.2388888888888887, "Lr_std": 0.035572912430182436, "closeness": 0.03688487899014216, "betweenness": 0.0005926979611190137}