{"dao_id": "apy.eth", "L": 1.2322845417236663, "C": 0.9175793813802247, "L_zscore": 23228.45417236663, "C_zscore": -8242.061861977534, "lambda": 1.2322845417236663, "gamma": 0.9175793813802247, "Cr_mu": 1.0, "Cr_std": 0.0, "Lr_mu": 1.0, "Lr_std": 0.0, "closeness": 0.2487594088572295, "betweenness": 0.00044728232523589027}