{"dao_id": "arablefi.eth", "L": 1.2553191489361701, "C": 0.8811496027258325, "L_zscore": 919.6666666667561, "C_zscore": -427.9242648444713, "lambda": 1.2552030339469058, "gamma": 0.8812311227186834, "Cr_mu": 0.9999074930619797, "Cr_std": 0.0002775208140611274, "Lr_mu": 1.0000925069380204, "Lr_std": 0.0002775208140610274, "closeness": 0.5538371226943575, "betweenness": 0.0031442241968557758}