{"dao_id": "aragon", "L": 1.8494897959183674, "C": 0.8545733329171161, "L_zscore": 9.690290807432943, "C_zscore": 38.645134548769, "lambda": 1.0762531545351084, "gamma": 1.6332286210764102, "Cr_mu": 0.52324170779832, "Cr_std": 0.008573695731364721, "Lr_mu": 1.7184523809523806, "Lr_std": 0.01352254721452471, "closeness": 0.15498828998418546, "betweenness": 0.002651696129957}