{"dao_id": "archerdao.eth", "L": 1.2545454545454546, "C": 0.9434343434343435, "L_zscore": 7.377500206281285, "C_zscore": -0.7198306406414193, "lambda": 1.2126537785588754, "gamma": 0.9774329304300375, "Cr_mu": 0.9652164502164503, "Cr_std": 0.030260043894071272, "Lr_mu": 1.0345454545454544, "Lr_std": 0.02982039903064859, "closeness": 0.039937074120428316, "betweenness": 0.00026981190255935864}