{"dao_id": "arckyf", "L": 1.264957264957265, "C": 0.8686380715366224, "L_zscore": 231.99999999999463, "C_zscore": -114.7700922266292, "lambda": 1.2642369020501136, "gamma": 0.8691333041885817, "Cr_mu": 0.9994301994301995, "Cr_std": 0.0011396011396009875, "Lr_mu": 1.0005698005698007, "Lr_std": 0.0011396011396011651, "closeness": 0.06190425449569188, "betweenness": 0.00021025501899077592}