{"dao_id": "atxdao.eth", "L": 1.0666666666666667, "C": 0.9333333333333332, "L_zscore": 6666.666666666664, "C_zscore": -6666.666666666676, "lambda": 1.0666666666666667, "gamma": 0.9333333333333332, "Cr_mu": 1.0, "Cr_std": 0.0, "Lr_mu": 1.0, "Lr_std": 0.0, "closeness": 0.21464646464646464, "betweenness": 0.0015151515151515152}