{"dao_id": "axialdefi.eth", "L": 1.2415795586527294, "C": 0.951684088269454, "L_zscore": 693.0000000000057, "C_zscore": -138.33333333340136, "lambda": 1.2414353733596561, "gamma": 0.951794633523057, "Cr_mu": 0.9998838559814172, "Cr_std": 0.0003484320557489595, "Lr_mu": 1.000116144018583, "Lr_std": 0.00034843205574912605, "closeness": 0.3118251978893585, "betweenness": 0.0013834570463192061}