{"dao_id": "babykraken.eth", "L": 1.625858585858586, "C": 0.8367214633531074, "L_zscore": 27.45243323885492, "C_zscore": 90.74109537367426, "lambda": 1.08284111244164, "gamma": 1.4031586057410947, "Cr_mu": 0.5963128187573514, "Cr_std": 0.002649391035073433, "Lr_mu": 1.5014747474747474, "Lr_std": 0.004530885743409851, "closeness": 0.08961691420876164, "betweenness": 0.0003406045477853447}