{"dao_id": "badg.eth", "L": 1.270935960591133, "C": 0.868733593271332, "L_zscore": 274.49999999999426, "C_zscore": -132.73540282958314, "lambda": 1.2703101920236337, "gamma": 0.8691617517697408, "Cr_mu": 0.9995073891625615, "Cr_std": 0.0009852216748769572, "Lr_mu": 1.0004926108374383, "Lr_std": 0.0009852216748768682, "closeness": 0.5230759115421767, "betweenness": 0.005135387488328665}