{"dao_id": "ballersvote.eth", "L": 1.3626373626373627, "C": 0.8285060177917322, "L_zscore": 26.401979397935932, "C_zscore": -9.956381653446238, "lambda": 1.3107822410147991, "gamma": 0.862377474959803, "Cr_mu": 0.9607231657231659, "Cr_std": 0.013279638380040292, "Lr_mu": 1.0395604395604396, "Lr_std": 0.012236844753472564, "closeness": 0.6479888709869913, "betweenness": 0.024175824175824177}