{"dao_id": "bamboodefi.eth", "L": 1.185971685971686, "C": 0.9299504492005255, "L_zscore": 18597.1685971686, "C_zscore": -7004.95507994745, "lambda": 1.185971685971686, "gamma": 0.9299504492005255, "Cr_mu": 1.0, "Cr_std": 0.0, "Lr_mu": 1.0, "Lr_std": 0.0, "closeness": 0.4558121639404866, "betweenness": 0.0006455532771322235}