{"dao_id": "basedloans.eth", "L": 1.5404040404040404, "C": 0.8460244781040918, "L_zscore": 20.749424385001657, "C_zscore": 15.662390928809666, "lambda": 1.159343165577011, "gamma": 1.2103058932738222, "Cr_mu": 0.6990170689953712, "Cr_std": 0.009386013270701389, "Lr_mu": 1.3286868686868685, "Lr_std": 0.010203520241757061, "closeness": 0.21012666983287573, "betweenness": 0.0021705615060045444}