{"dao_id": "based", "L": 1.7924095506203732, "C": 0.7775146960698088, "L_zscore": 55.101380764570045, "C_zscore": 82.52392349737201, "lambda": 1.0583636027827372, "gamma": 1.4123732737438226, "Cr_mu": 0.5505022719729226, "Cr_std": 0.0027508680449992847, "Lr_mu": 1.6935668856219372, "Lr_std": 0.001793832815565148, "closeness": 0.17127155847748604, "betweenness": 0.0009498363906817047}