{"dao_id": "basisdollar.eth", "L": 1.7876582278481012, "C": 0.8303254331415021, "L_zscore": 46.889165592728126, "C_zscore": 59.84153394330171, "lambda": 1.142227434487221, "gamma": 1.4528203170667684, "Cr_mu": 0.5715265841118755, "Cr_std": 0.004324736215399019, "Lr_mu": 1.5650632911392406, "Lr_std": 0.004747257365214921, "closeness": 0.16329714335961418, "betweenness": 0.0015049277465384848}