{"dao_id": "bbra.eth", "L": 1.4333333333333333, "C": 0.8527680652680651, "L_zscore": 11.187847089467617, "C_zscore": -0.5220432851127242, "lambda": 1.2472806381435824, "gamma": 0.9863023327244836, "Cr_mu": 0.8646112221112222, "Cr_std": 0.022686158755207023, "Lr_mu": 1.1491666666666667, "Lr_std": 0.025399584423546943, "closeness": 0.3407064826821228, "betweenness": 0.009787314135140225}