{"dao_id": "bdudao.eth", "L": 1.4666666666666666, "C": 0.5499999999999999, "L_zscore": 0.18569533817705242, "C_zscore": 0.18194647778356524, "lambda": 1.0232558139534884, "gamma": 1.108622620380739, "Cr_mu": 0.49611111111111106, "Cr_std": 0.29617989611754125, "Lr_mu": 1.4333333333333331, "Lr_std": 0.17950549357115017, "closeness": 0.07819794584500468, "betweenness": 0.003431372549019608}