{"dao_id": "beetsdao.eth", "L": 1.1507936507936507, "C": 0.9235943722646904, "L_zscore": 15079.365079365069, "C_zscore": -7640.562773530956, "lambda": 1.1507936507936507, "gamma": 0.9235943722646904, "Cr_mu": 1.0, "Cr_std": 0.0, "Lr_mu": 1.0, "Lr_std": 0.0, "closeness": 0.7381866855201564, "betweenness": 0.0018511752527097794}