{"dao_id": "behodler.eth", "L": 1.1047468354430379, "C": 0.9639834198290999, "L_zscore": 10474.683544303785, "C_zscore": -3601.6580170900143, "lambda": 1.1047468354430379, "gamma": 0.9639834198290999, "Cr_mu": 1.0, "Cr_std": 0.0, "Lr_mu": 1.0, "Lr_std": 0.0, "closeness": 0.5031302323521004, "betweenness": 0.0005404363983097897}