{"dao_id": "benchmarkprotocol.eth", "L": 1.4615384615384615, "C": 0.9615384615384616, "L_zscore": 6.590881300103716, "C_zscore": 6.311021678295456, "lambda": 1.1515151515151516, "gamma": 1.3099608875005266, "Cr_mu": 0.7340207411635983, "Cr_std": 0.036050853882712945, "Lr_mu": 1.269230769230769, "Lr_std": 0.02917784186231154, "closeness": 0.03224863233352198, "betweenness": 0.000352547153181738}