{"dao_id": "bgansv2.eth", "L": 1.6151111111111112, "C": 0.825927397494183, "L_zscore": 34.56859403097876, "C_zscore": 135.530576208421, "lambda": 1.1010786571324689, "gamma": 1.3411487789593146, "Cr_mu": 0.6158357748609176, "Cr_std": 0.0015501418831879183, "Lr_mu": 1.4668444444444444, "Lr_std": 0.004289056897535292, "closeness": 0.16190447035252586, "betweenness": 0.00063516440058261}