{"dao_id": "bigppdao.eth", "L": 1.2424242424242424, "C": 0.8781484225117031, "L_zscore": 361.21059080416967, "C_zscore": -184.36879185247358, "lambda": 1.241922455573506, "gamma": 0.8784992443851951, "Cr_mu": 0.9996006577401925, "Cr_std": 0.0006587461685254836, "Lr_mu": 1.0004040404040402, "Lr_std": 0.0006700252101727922, "closeness": 0.6146693672236804, "betweenness": 0.0036199095022624436}