{"dao_id": "bingocash.eth", "L": 1.5263157894736843, "C": 0.8998313090418353, "L_zscore": 8.096245095083495, "C_zscore": 7.019714180205185, "lambda": 1.1564023039432876, "gamma": 1.2749276730606522, "Cr_mu": 0.7057900836693405, "Cr_std": 0.027642325654749524, "Lr_mu": 1.3198830409356725, "Lr_std": 0.025497344276715336, "closeness": 0.01910446685263785, "betweenness": 0.00013900472616068947}