{"dao_id": "bitblocks.eth", "L": 1.7953216374269005, "C": 0.8338763575605681, "L_zscore": -1.785811904385255, "C_zscore": 20.147629843540635, "lambda": 0.9158711217183769, "gamma": 2.1123526548578924, "Cr_mu": 0.3947619047619048, "Cr_std": 0.021794844168205926, "Lr_mu": 1.9602339181286552, "Lr_std": 0.09234582897381, "closeness": 0.1314104012879174, "betweenness": 0.004960426013057593}