{"dao_id": "bitdao.eth", "L": 1.3055555555555556, "C": 0.9126984126984128, "L_zscore": 2.999999999999995, "C_zscore": 0.8788347162513409, "lambda": 1.146341463414634, "gamma": 1.0654725138974679, "Cr_mu": 0.8566137566137565, "Cr_std": 0.06381706940741341, "Lr_mu": 1.138888888888889, "Lr_std": 0.055555555555555594, "closeness": 0.16708437761069342, "betweenness": 0.0037839697282421743}