{"dao_id": "blizzardmoney.eth", "L": 1.1111111111111112, "C": 0.9365079365079365, "L_zscore": 11111.111111111115, "C_zscore": -6349.206349206348, "lambda": 1.1111111111111112, "gamma": 0.9365079365079365, "Cr_mu": 1.0, "Cr_std": 0.0, "Lr_mu": 1.0, "Lr_std": 0.0, "closeness": 0.2418300653594771, "betweenness": 0.00196078431372549}