{"dao_id": "blockhubdao.eth", "L": 1.0695187165775402, "C": 0.9502491043439316, "L_zscore": 6951.871657754015, "C_zscore": -4975.089565606838, "lambda": 1.0695187165775402, "gamma": 0.9502491043439316, "Cr_mu": 1.0, "Cr_std": 0.0, "Lr_mu": 1.0, "Lr_std": 0.0, "closeness": 0.510466537966538, "betweenness": 0.0008563899868247695}