{"dao_id": "bloody", "L": 1.7333333333333334, "C": 0.8131946526365826, "L_zscore": 20.09095526948554, "C_zscore": 29.52967267293473, "lambda": 1.1034551627721192, "gamma": 1.4745503531701607, "Cr_mu": 0.55148652664745, "Cr_std": 0.008862547475136758, "Lr_mu": 1.5708235294117645, "Lr_std": 0.008088704680378804, "closeness": 0.13376966259780232, "betweenness": 0.0015702278089864052}