{"dao_id": "bpro.eth", "L": 1.7531760435571688, "C": 0.8562445184772567, "L_zscore": 26.61138608224876, "C_zscore": 58.17837598955502, "lambda": 1.1146153846153846, "gamma": 1.5422548653404502, "Cr_mu": 0.5551900257991679, "Cr_std": 0.0051746802408533755, "Lr_mu": 1.572897761645493, "Lr_std": 0.006774479215568975, "closeness": 0.12842426427313938, "betweenness": 0.0013713522855320684}