{"dao_id": "bsc.bzx.eth", "L": 1.2011935208866156, "C": 0.9674815040938726, "L_zscore": 20119.352088661555, "C_zscore": -3251.8495906127428, "lambda": 1.2011935208866156, "gamma": 0.9674815040938726, "Cr_mu": 1.0, "Cr_std": 0.0, "Lr_mu": 1.0, "Lr_std": 0.0, "closeness": 0.2511100417029537, "betweenness": 0.00047194100737407826}