{"dao_id": "bsc.hyperjumpdao.eth", "L": 1.0761904761904761, "C": 0.9413919413919416, "L_zscore": 7619.047619047614, "C_zscore": -5860.805860805839, "lambda": 1.0761904761904761, "gamma": 0.9413919413919416, "Cr_mu": 1.0, "Cr_std": 0.0, "Lr_mu": 1.0, "Lr_std": 0.0, "closeness": 0.09112235705259593, "betweenness": 0.00016445677870284718}