{"dao_id": "btc1.eth", "L": 1.1008771929824561, "C": 0.9806220095693781, "L_zscore": 10087.71929824561, "C_zscore": -1937.7990430621937, "lambda": 1.1008771929824561, "gamma": 0.9806220095693781, "Cr_mu": 1.0, "Cr_std": 0.0, "Lr_mu": 1.0, "Lr_std": 0.0, "closeness": 0.2871631896557121, "betweenness": 0.00031256066783148903}