{"dao_id": "buckswap.eth", "L": 1.3777777777777778, "C": 0.8518253968253967, "L_zscore": 2.134374745810951, "C_zscore": 2.791012810949226, "lambda": 1.0708117443868739, "gamma": 1.2073930748981931, "Cr_mu": 0.7055079365079365, "Cr_std": 0.05242450329982451, "Lr_mu": 1.2866666666666666, "Lr_std": 0.042687494916218975, "closeness": 0.08216697096007441, "betweenness": 0.0015508118956394817}