{"dao_id": "buger.eth", "L": 1.4965986394557824, "C": 0.8408779657349204, "L_zscore": 28.05435076096872, "C_zscore": 9.119840238109687, "lambda": 1.2001363791339925, "gamma": 1.09291593748537, "Cr_mu": 0.7693894259330228, "Cr_std": 0.007838792998057528, "Lr_mu": 1.2470238095238095, "Lr_std": 0.008896118539987737, "closeness": 0.14637182043943156, "betweenness": 0.0009535192042686312}