{"dao_id": "buyerbuyer.eth", "L": 1.8198198198198199, "C": 0.8908845752773648, "L_zscore": 11.136156452703498, "C_zscore": 46.04339327527762, "lambda": 1.0951477365139604, "gamma": 1.7055487488564574, "Cr_mu": 0.5223448323448323, "Cr_std": 0.008004182939540532, "Lr_mu": 1.6617117117117117, "Lr_std": 0.014197726906910025, "closeness": 0.05168588145224566, "betweenness": 0.0006319883325230918}