{"dao_id": "bzx.eth", "L": 1.3551948051948053, "C": 0.940404203961414, "L_zscore": 133.6154590947114, "C_zscore": -18.99174968594874, "lambda": 1.3291300471277543, "gamma": 0.9580986733729678, "Cr_mu": 0.9815316836320618, "Cr_std": 0.002165544531216964, "Lr_mu": 1.0196103896103899, "Lr_std": 0.0025115687799758353, "closeness": 0.3724965662911147, "betweenness": 0.0022192469977280103}