{"dao_id": "cabindao.eth", "L": 1.411600279524808, "C": 0.8302188997433855, "L_zscore": 33.99248940018187, "C_zscore": -8.023334655422575, "lambda": 1.273805019548493, "gamma": 0.9256093418893693, "Cr_mu": 0.8969430862146753, "Cr_std": 0.008316266158260553, "Lr_mu": 1.1081761006289308, "Lr_std": 0.00892621235602279, "closeness": 0.25495675458679506, "betweenness": 0.0016161117284712791}