{"dao_id": "cafeswapfinance.eth", "L": 2.187403993855607, "C": 0.9103969372194283, "L_zscore": 132.7283892935032, "C_zscore": 61.79475291390026, "lambda": 1.4965319134029287, "gamma": 1.474912739952872, "Cr_mu": 0.6172547789156111, "Cr_std": 0.004743803389136573, "Lr_mu": 1.4616487455197134, "Lr_std": 0.0054679729950690955, "closeness": 0.0215532345324221, "betweenness": 0.0001717796864409604}