{"dao_id": "casperdefi.eth", "L": 1.0952380952380953, "C": 0.9413919413919415, "L_zscore": 9523.809523809534, "C_zscore": -5860.805860805851, "lambda": 1.0952380952380953, "gamma": 0.9413919413919415, "Cr_mu": 1.0, "Cr_std": 0.0, "Lr_mu": 1.0, "Lr_std": 0.0, "closeness": 0.41965709728867623, "betweenness": 0.0021645021645021645}