{"dao_id": "centaurswap.eth", "L": 1.1631578947368422, "C": 0.9093567251461989, "L_zscore": 16315.789473684215, "C_zscore": -9064.327485380107, "lambda": 1.1631578947368422, "gamma": 0.9093567251461989, "Cr_mu": 1.0, "Cr_std": 0.0, "Lr_mu": 1.0, "Lr_std": 0.0, "closeness": 0.2251031850390825, "betweenness": 0.001130685341211657}