{"dao_id": "cheesecakeswap.eth", "L": 1.2683982683982684, "C": 0.9107403088827237, "L_zscore": 75.75000000000054, "C_zscore": -25.345104620980646, "lambda": 1.2607573149741822, "gamma": 0.916194893656303, "Cr_mu": 0.9940464798359534, "Cr_std": 0.0032868742188686384, "Lr_mu": 1.0060606060606063, "Lr_std": 0.003463203463203435, "closeness": 0.1978531639062181, "betweenness": 0.0015604550488271419}