{"dao_id": "chibidao.eth", "L": 1.25, "C": 0.8928571428571429, "L_zscore": 29.666666666666774, "C_zscore": -12.5238095238095, "lambda": 1.2465373961218837, "gamma": 0.8953442101074415, "Cr_mu": 0.9972222222222221, "Cr_std": 0.008333333333333337, "Lr_mu": 1.0027777777777778, "Lr_std": 0.008333333333333304, "closeness": 0.009560060192971585, "betweenness": 3.793674679750629e-05}