{"dao_id": "coin", "L": 1.826086956521739, "C": 0.7520506953001231, "L_zscore": 1.5970988190093776, "C_zscore": 10.78900561571531, "lambda": 1.0396039603960394, "gamma": 1.5467573063786386, "Cr_mu": 0.4862111801242236, "Cr_std": 0.02463985325845754, "Lr_mu": 1.7565217391304349, "Lr_std": 0.043557240518437644, "closeness": 0.1125149837940892, "betweenness": 0.003345338135254101}