{"dao_id": "community.nexusmutual.eth", "L": 1.6694638694638695, "C": 0.8554133330127419, "L_zscore": 13.534039542238983, "C_zscore": 44.16727620669875, "lambda": 1.049684889344863, "gamma": 1.5501743243089614, "Cr_mu": 0.5518175082625427, "Cr_std": 0.006873772865897343, "Lr_mu": 1.5904428904428904, "Lr_std": 0.005838683918009769, "closeness": 0.1154623954837685, "betweenness": 0.0008510007852200838}