{"dao_id": "compro.eth", "L": 1.0953846153846154, "C": 0.9403846153846154, "L_zscore": 9538.461538461539, "C_zscore": -5961.538461538462, "lambda": 1.0953846153846154, "gamma": 0.9403846153846154, "Cr_mu": 1.0, "Cr_std": 0.0, "Lr_mu": 1.0, "Lr_std": 0.0, "closeness": 0.690272866253841, "betweenness": 0.0025451559934318553}