{"dao_id": "cookprotocol.eth", "L": 1.3458823529411765, "C": 0.8822996485415074, "L_zscore": 74.26768396925372, "C_zscore": -25.953050525317362, "lambda": 1.3309547816644693, "gamma": 0.8918713787942314, "Cr_mu": 0.9892678131843804, "Cr_std": 0.004121602758740243, "Lr_mu": 1.0112156862745096, "Lr_std": 0.0045062219363837495, "closeness": 0.23279631202582488, "betweenness": 0.0011705685618729098}