{"dao_id": "corinicoin.xyz", "L": 1.5714285714285714, "C": 0.6952380952380952, "L_zscore": 0.05070201265633687, "C_zscore": 3.749351177365512, "lambda": 1.0030395136778114, "gamma": 2.1597633136094676, "Cr_mu": 0.32190476190476186, "Cr_std": 0.09957278357575901, "Lr_mu": 1.5666666666666669, "Lr_std": 0.09391944249198099, "closeness": 0.011765615337043907, "betweenness": 0.00021710811984368216}