{"dao_id": "council.graphprotocol.eth", "L": 1.1666666666666667, "C": 0.8814814814814814, "L_zscore": 16666.66666666667, "C_zscore": -11851.851851851858, "lambda": 1.1666666666666667, "gamma": 0.8814814814814814, "Cr_mu": 1.0, "Cr_std": 0.0, "Lr_mu": 1.0, "Lr_std": 0.0, "closeness": 0.6996184062850729, "betweenness": 0.016666666666666663}