{"dao_id": "cover-protocol.eth", "L": 1.3987096774193548, "C": 0.9481353265145553, "L_zscore": 139.24013330836152, "C_zscore": -1.4810188223346106, "lambda": 1.3305674551056232, "gamma": 0.9962547868149425, "Cr_mu": 0.9516996445716195, "Cr_std": 0.0024066662781810654, "Lr_mu": 1.0512129032258062, "Lr_std": 0.0024956653368320286, "closeness": 0.03332672793577208, "betweenness": 3.118775318096915e-05}