{"dao_id": "cre8r.eth", "L": 1.1666666666666667, "C": 0.9232122044622045, "L_zscore": 16666.66666666667, "C_zscore": -7678.779553779546, "lambda": 1.1666666666666667, "gamma": 0.9232122044622045, "Cr_mu": 1.0, "Cr_std": 0.0, "Lr_mu": 1.0, "Lr_std": 0.0, "closeness": 0.6148735810113519, "betweenness": 0.0068799449604403165}