{"dao_id": "cream-listing.eth", "L": 1.1, "C": 0.9, "L_zscore": 0.2672612419124276, "C_zscore": -0.13768567816430258, "lambda": 1.0185185185185188, "gamma": 0.9854014598540146, "Cr_mu": 0.9133333333333333, "Cr_std": 0.09683892697555968, "Lr_mu": 1.0799999999999998, "Lr_std": 0.07483314773547882, "closeness": 0.9199999999999999, "betweenness": 0.03333333333333333}