{"dao_id": "creditblockchain.eth", "L": 1.0, "C": 1.0, "L_zscore": 0.0, "C_zscore": 0.0, "lambda": 1.0, "gamma": 1.0, "Cr_mu": 1.0, "Cr_std": 0.0, "Lr_mu": 1.0, "Lr_std": 0.0, "closeness": 0.42666666666666664, "betweenness": 0.0027777777777777775}