{"dao_id": "crisisdao.eth", "L": 1.4146341463414633, "C": 0.838018661944633, "L_zscore": 26.043567243608816, "C_zscore": -3.7993303235785056, "lambda": 1.2541896421234724, "gamma": 0.953785182695346, "Cr_mu": 0.8786241148939189, "Cr_std": 0.01068752898301311, "Lr_mu": 1.127926829268293, "Lr_std": 0.01100875753276577, "closeness": 0.48674674875833857, "betweenness": 0.005782312925170068}