{"dao_id": "cryptobond.eth", "L": 1.6002717918850708, "C": 0.8207916834546898, "L_zscore": 48.08190124744495, "C_zscore": 123.97394623266416, "lambda": 1.1099590649574491, "gamma": 1.3104184072601919, "Cr_mu": 0.6263584813119283, "Cr_std": 0.0015683392200637476, "Lr_mu": 1.4417394680644535, "Lr_std": 0.0032971309309246933, "closeness": 0.3333897066272274, "betweenness": 0.0022537593025883243}