{"dao_id": "crypto-corgis.eth", "L": 1.7305322128851541, "C": 0.8610001970006405, "L_zscore": 50.64160354485441, "C_zscore": 95.55661214246547, "lambda": 1.0872740712060682, "gamma": 1.5412221606691172, "Cr_mu": 0.5586476881612186, "Cr_std": 0.003164119175642646, "Lr_mu": 1.591624649859944, "Lr_std": 0.0027429534868929763, "closeness": 0.045505940943262616, "betweenness": 0.00018750567981162}