{"dao_id": "cryptokek.eth", "L": 1.8245614035087718, "C": 0.9270644560118244, "L_zscore": 7.112516703953199, "C_zscore": 12.415974720267483, "lambda": 1.188118811881188, "gamma": 1.7531350163714376, "Cr_mu": 0.5288037985406406, "Cr_std": 0.03207647135597614, "Lr_mu": 1.535672514619883, "Lr_std": 0.04061697158873761, "closeness": 0.023367824079968007, "betweenness": 0.00037426341774167855}