{"dao_id": "cryptokombat.eth", "L": 1.3928571428571428, "C": 0.8553571428571429, "L_zscore": 6.484569792212197, "C_zscore": -0.514207834407838, "lambda": 1.2460063897763578, "gamma": 0.9702248328944705, "Cr_mu": 0.8816071428571428, "Cr_std": 0.05104939723493205, "Lr_mu": 1.1178571428571429, "Lr_std": 0.04240836459656397, "closeness": 0.07223620823620824, "betweenness": 0.0014102564102564104}