{"dao_id": "cyberhunter.eth", "L": 1.3376576576576578, "C": 0.9031329530891532, "L_zscore": 182.76303079416778, "C_zscore": -52.77555923737111, "lambda": 1.3290844641770205, "gamma": 0.9087912935827893, "Cr_mu": 0.993773773435561, "Cr_std": 0.0017174772121073747, "Lr_mu": 1.0064504504504503, "Lr_std": 0.0018122221204583827, "closeness": 0.1899065162355023, "betweenness": 0.0005665396940564726}