{"dao_id": "cybertime.eth", "L": 1.3520408163265305, "C": 0.9247621396880773, "L_zscore": 78.28429329835708, "C_zscore": -15.82205402815053, "lambda": 1.3321045576407506, "gamma": 0.9380001749062417, "Cr_mu": 0.9858869586890135, "Cr_std": 0.003863266987470984, "Lr_mu": 1.0149659863945577, "Lr_std": 0.004305778537813623, "closeness": 0.23017144434504627, "betweenness": 0.0012151738226902895}