{"dao_id": "dao1.eth", "L": 1.601010101010101, "C": 0.9064099576092279, "L_zscore": 21.903997358622316, "C_zscore": 36.885181520912845, "lambda": 1.130527817403709, "gamma": 1.4245337914473508, "Cr_mu": 0.6362853328233793, "Cr_std": 0.007323391498905751, "Lr_mu": 1.4161616161616162, "Lr_std": 0.00843902972695168, "closeness": 0.09123518620817185, "betweenness": 0.0007430552433474698}