{"dao_id": "daocity.eth", "L": 1.3379790940766552, "C": 0.8610142686156785, "L_zscore": 54.17139965461942, "C_zscore": -22.65640372379219, "lambda": 1.3204951856946354, "gamma": 0.8719694005197337, "Cr_mu": 0.987436334465951, "Cr_std": 0.005579970563356124, "Lr_mu": 1.013240418118467, "Lr_std": 0.0059946517540367126, "closeness": 0.46039222604931823, "betweenness": 0.00391065957103693}