{"dao_id": "dbookplatform.eth", "L": 1.2380952380952381, "C": 0.9285714285714285, "L_zscore": 23809.523809523813, "C_zscore": -7142.85714285715, "lambda": 1.2380952380952381, "gamma": 0.9285714285714285, "Cr_mu": 1.0, "Cr_std": 0.0, "Lr_mu": 1.0, "Lr_std": 0.0, "closeness": 0.2215349437148218, "betweenness": 0.001596980255516841}