{"dao_id": "dea.eth", "L": 1.5318918918918918, "C": 0.8444232383843122, "L_zscore": 53.077298469495595, "C_zscore": 20.932908587847123, "lambda": 1.2052052619641642, "gamma": 1.1271742488527754, "Cr_mu": 0.749150576535754, "Cr_std": 0.004551334156394779, "Lr_mu": 1.271063063063063, "Lr_std": 0.004914131584499, "closeness": 0.2802686177175978, "betweenness": 0.0019411346958099905}