{"dao_id": "debatemonkey.eth", "L": 1.210752688172043, "C": 0.8828387798196493, "L_zscore": 21075.268817204294, "C_zscore": -11716.122018035068, "lambda": 1.210752688172043, "gamma": 0.8828387798196493, "Cr_mu": 1.0, "Cr_std": 0.0, "Lr_mu": 1.0, "Lr_std": 0.0, "closeness": 0.3958990297028014, "betweenness": 0.0023020906741836977}