{"dao_id": "defiville.eth", "L": 1.5, "C": 0.909090909090909, "L_zscore": 6.827983540057841, "C_zscore": 3.7465771443231484, "lambda": 1.2012320328542092, "gamma": 1.209296968784191, "Cr_mu": 0.7517515817515819, "Cr_std": 0.04199548582036519, "Lr_mu": 1.248717948717949, "Lr_std": 0.036801795113864964, "closeness": 0.025454545454545455, "betweenness": 0.00028409090909090913}