{"dao_id": "degenzdao.eth", "L": 1.3662493387409629, "C": 0.9058087347195994, "L_zscore": 142.88407761404736, "C_zscore": -34.42390961276452, "lambda": 1.3466585556617712, "gamma": 0.9186009727990043, "Cr_mu": 0.9860742167075802, "Cr_std": 0.0023316782692869385, "Lr_mu": 1.0145476988185504, "Lr_std": 0.002461447390047298, "closeness": 0.08823634937340559, "betweenness": 0.00013809877153928596}