{"dao_id": "degenyetis.eth", "L": 1.5166666666666666, "C": 0.8190819597069596, "L_zscore": 13.059761753155417, "C_zscore": -0.17445180506253852, "lambda": 1.2889518413597734, "gamma": 0.9942595800615777, "Cr_mu": 0.8238109806859807, "Cr_std": 0.02710789365192164, "Lr_mu": 1.1766666666666665, "Lr_std": 0.026034165586355466, "closeness": 0.06752068757174397, "betweenness": 0.0010544217687074831}