{"dao_id": "deversifi.eth", "L": 1.4624505928853755, "C": 0.8788603542103341, "L_zscore": 9.326340232458046, "C_zscore": 10.130051159717208, "lambda": 1.1256464861575906, "gamma": 1.2352207524050633, "Cr_mu": 0.7115006386503222, "Cr_std": 0.016521112571033055, "Lr_mu": 1.2992094861660077, "Lr_std": 0.017503233063624144, "closeness": 0.043900890732669146, "betweenness": 0.0003319713993871297}