{"dao_id": "dextfprotocol.eth", "L": 1.5625692137320044, "C": 0.8538166606928708, "L_zscore": 15.143335255581238, "C_zscore": 17.832808233577328, "lambda": 1.1295228946525775, "gamma": 1.2941644098574878, "Cr_mu": 0.6597435798647038, "Cr_std": 0.010882923109258109, "Lr_mu": 1.383388704318937, "Lr_std": 0.011832301562961733, "closeness": 0.06350074933599084, "betweenness": 0.0004039247491372866}