{"dao_id": "dfi", "L": 1.6596194503171247, "C": 0.8202743562075301, "L_zscore": 9.016371091292458, "C_zscore": 29.799417092597867, "lambda": 1.0640460860725176, "gamma": 1.4650573897086052, "Cr_mu": 0.5598923031750175, "Cr_std": 0.00873782370384658, "Lr_mu": 1.559725158562368, "Lr_std": 0.011079212550515966, "closeness": 0.09355459527948276, "betweenness": 0.0009126009126009127}