{"dao_id": "digicore.eth", "L": 1.2851959361393324, "C": 0.9046970789315685, "L_zscore": 375.3721211781694, "C_zscore": -127.23066986805267, "lambda": 1.2841708360524982, "gamma": 0.9054098324756625, "Cr_mu": 0.9992127835168907, "Cr_std": 0.0007428688749602731, "Lr_mu": 1.000798258345428, "Lr_std": 0.0007576419817787048, "closeness": 0.5822504719308871, "betweenness": 0.003463775780010577}