{"dao_id": "dinnerdao.eth", "L": 1.0357142857142858, "C": 0.9642857142857143, "L_zscore": 3571.4285714285807, "C_zscore": -3571.4285714285697, "lambda": 1.0357142857142858, "gamma": 0.9642857142857143, "Cr_mu": 1.0, "Cr_std": 0.0, "Lr_mu": 1.0, "Lr_std": 0.0, "closeness": 0.96875, "betweenness": 0.005952380952380952}