{"dao_id": "dogcollar.eth", "L": 1.337126600284495, "C": 0.864161657692659, "L_zscore": 126.1299405564039, "C_zscore": -51.16790955942856, "lambda": 1.3261851015801351, "gamma": 0.8710683975163904, "Cr_mu": 0.9920709558016062, "Cr_std": 0.002499795266413767, "Lr_mu": 1.008250355618777, "Lr_std": 0.0026074399402309105, "closeness": 0.07707172717604142, "betweenness": 0.00028851175411494457}