{"dao_id": "dogen.eth", "L": 1.8225017470300489, "C": 0.7484593937086268, "L_zscore": 39.85365066719188, "C_zscore": 42.61636276479348, "lambda": 1.1364824821335193, "gamma": 1.3667851017383825, "Cr_mu": 0.5476057594984599, "Cr_std": 0.004713063743114592, "Lr_mu": 1.603633822501747, "Lr_std": 0.005491791112337851, "closeness": 0.23428404601133118, "betweenness": 0.0041175153575976385}