{"dao_id": "dollar-protocol", "L": 1.9835953520164047, "C": 0.7804357271875602, "L_zscore": 7.245787555148165, "C_zscore": 19.881279250775883, "lambda": 1.0921476017537588, "gamma": 1.4517511464177157, "Cr_mu": 0.5375823047313121, "Cr_std": 0.012215180894195756, "Lr_mu": 1.8162337662337662, "Lr_std": 0.02309777708894147, "closeness": 0.010207405587986699, "betweenness": 3.595197635434268e-05}