{"dao_id": "domo", "L": 1.2857142857142858, "C": 0.8571428571428572, "L_zscore": 3.8430756913220936, "C_zscore": -0.9174103843336968, "lambda": 1.153846153846154, "gamma": 0.9608327216921334, "Cr_mu": 0.8920833333333332, "Cr_std": 0.03808598287870137, "Lr_mu": 1.1142857142857143, "Lr_std": 0.044607128559988544, "closeness": 0.28881118881118883, "betweenness": 0.009324009324009324}