{"dao_id": "donkey-fund.eth", "L": 1.2753623188405796, "C": 0.8730341320099364, "L_zscore": 90.40977566741229, "C_zscore": -42.199894051774486, "lambda": 1.2712170458649332, "gamma": 0.8758379233417966, "Cr_mu": 0.9967987326682977, "Cr_std": 0.0029328178053365755, "Lr_mu": 1.0032608695652172, "Lr_std": 0.0030096463271442435, "closeness": 0.5891424588316644, "betweenness": 0.007733007733007734}