{"dao_id": "doorknock.eth", "L": 1.3235294117647058, "C": 0.8411905088375677, "L_zscore": 20.718600741041012, "C_zscore": -10.356580450886845, "lambda": 1.291248206599713, "gamma": 0.8616631309650596, "Cr_mu": 0.9762405731523378, "Cr_std": 0.013040024644737403, "Lr_mu": 1.025, "Lr_std": 0.01440876319284225, "closeness": 0.5000890456268031, "betweenness": 0.011027568922305761}