{"dao_id": "dopeshibas.eth", "L": 1.6951923076923077, "C": 0.8675238144213718, "L_zscore": 24.54372431626519, "C_zscore": 62.979214576732936, "lambda": 1.0662554053645408, "gamma": 1.5557628951801916, "Cr_mu": 0.5576195557234276, "Cr_std": 0.004920738703725203, "Lr_mu": 1.5898557692307693, "Lr_std": 0.004291791135859994, "closeness": 0.05478993013164534, "betweenness": 0.0002992740431302326}