{"dao_id": "dorg.eth", "L": 1.70995670995671, "C": 0.729091259305163, "L_zscore": 1.6421416545119205, "C_zscore": 10.242204416953069, "lambda": 1.031331592689295, "gamma": 1.5399538029273858, "Cr_mu": 0.47345008526826715, "Cr_std": 0.024959585225008237, "Lr_mu": 1.658008658008658, "Lr_std": 0.031634330573930926, "closeness": 0.32092954790150546, "betweenness": 0.013464696223316914}