{"dao_id": "doyoko.eth", "L": 1.4866666666666666, "C": 0.9035035115495473, "L_zscore": 10.388270921330953, "C_zscore": 7.904810659369956, "lambda": 1.190603310197544, "gamma": 1.1850401089448794, "Cr_mu": 0.7624244147769792, "Cr_std": 0.017847245538429212, "Lr_mu": 1.2486666666666666, "Lr_std": 0.022910453703252787, "closeness": 0.295084713152388, "betweenness": 0.005768926821558402}