{"dao_id": "draculasucks.eth", "L": 2.206181533646322, "C": 0.7821730648472377, "L_zscore": 15.162348254731747, "C_zscore": 26.15032346633817, "lambda": 1.18913561502288, "gamma": 1.4997917380133976, "Cr_mu": 0.5215211185809656, "Cr_std": 0.009967446353074545, "Lr_mu": 1.855281690140845, "Lr_std": 0.02314284289018167, "closeness": 0.02468725148433139, "betweenness": 0.0002069774147560867}