{"dao_id": "ebog-rinkeby", "L": 1.2867867867867868, "C": 0.9180609180609178, "L_zscore": 175.66778991548722, "C_zscore": -51.54935856490074, "lambda": 1.283318358790057, "gamma": 0.9204893033889311, "Cr_mu": 0.9973618538324424, "Cr_std": 0.0015383496124725684, "Lr_mu": 1.0027027027027027, "Lr_std": 0.001617166608749136, "closeness": 0.1330532486565706, "betweenness": 0.0005419362160935194}