{"dao_id": "edao.eth", "L": 1.7032967032967032, "C": 0.7916305916305916, "L_zscore": 0.41974218771570204, "C_zscore": 8.91797458533123, "lambda": 1.0124101894186806, "gamma": 1.6605857367870853, "Cr_mu": 0.4767176870748299, "Cr_std": 0.035312155416292346, "Lr_mu": 1.6824175824175824, "Lr_std": 0.04974272658354409, "closeness": 0.08411463022876066, "betweenness": 0.002745602745602745}