{"dao_id": "eggs.eth", "L": 1.5, "C": 0.4333333333333334, "L_zscore": 2.0139959720120846, "C_zscore": -0.4694685597539512, "lambda": 1.1450381679389312, "gamma": 0.7975460122699389, "Cr_mu": 0.5433333333333332, "Cr_std": 0.2343074902771996, "Lr_mu": 1.31, "Lr_std": 0.09433981132056599, "closeness": 0.46349206349206346, "betweenness": 0.08333333333333333}