{"dao_id": "esd.eth", "L": 1.9776667646194535, "C": 0.806880980662202, "L_zscore": 39.53772138389537, "C_zscore": 32.93489578632575, "lambda": 1.1628509719222462, "gamma": 1.509915687003673, "Cr_mu": 0.5343881036585583, "Cr_std": 0.008273682685122696, "Lr_mu": 1.7007052600646488, "Lr_std": 0.007004994088192889, "closeness": 0.04049130943988603, "betweenness": 0.0002565739853875447}