{"dao_id": "ethfly.eth", "L": 1.6, "C": 0.8630952380952381, "L_zscore": -1.5433422096746876, "C_zscore": 4.9655845104667575, "lambda": 0.8294930875576038, "gamma": 4.998621070049642, "Cr_mu": 0.17266666666666666, "Cr_std": 0.13904275921057122, "Lr_mu": 1.9288888888888889, "Lr_std": 0.21310172612865516, "closeness": 0.06691222570532916, "betweenness": 0.0022167487684729066}