{"dao_id": "ethip.eth", "L": 1.6570408321689178, "C": 0.9172535427571564, "L_zscore": 39.54072503891061, "C_zscore": 137.84941203129378, "lambda": 1.0703612331267425, "gamma": 1.5896942258312783, "Cr_mu": 0.576999983929305, "Cr_std": 0.0024682989489328328, "Lr_mu": 1.5481136469492314, "Lr_std": 0.002754810012019131, "closeness": 0.10359050098696995, "betweenness": 0.00040698960406989595}