{"dao_id": "everipediaiq.eth", "L": 1.2, "C": 0.85, "L_zscore": 19999.999999999993, "C_zscore": -15000.000000000002, "lambda": 1.2, "gamma": 0.85, "Cr_mu": 1.0, "Cr_std": 0.0, "Lr_mu": 1.0, "Lr_std": 0.0, "closeness": 0.08403361344537814, "betweenness": 0.0012254901960784314}