{"dao_id": "evoland.eth", "L": 1.6794871794871795, "C": 0.8766899766899766, "L_zscore": -3.712341778646125, "C_zscore": 10.451894786422287, "lambda": 0.6822916666666667, "gamma": 13.95547309833024, "Cr_mu": 0.06282051282051282, "Cr_std": 0.07786812635415494, "Lr_mu": 2.4615384615384612, "Lr_std": 0.21066252211737155, "closeness": 0.08485774475079287, "betweenness": 0.0029523172905525845}