{"dao_id": "fabien.eth", "L": 1.8333333333333333, "C": 0.6296296296296297, "L_zscore": -3.0595910411822653, "C_zscore": 5.939849831119565, "lambda": 0.7176749703440093, "gamma": 4.9598832968636035, "Cr_mu": 0.12694444444444444, "Cr_std": 0.08462927506206622, "Lr_mu": 2.554545454545455, "Lr_std": 0.23572173911629582, "closeness": 0.021631963619028742, "betweenness": 0.0005357490746152347}