{"dao_id": "fairsafe.eth", "L": 1.5792207792207793, "C": 0.8237822291779897, "L_zscore": 15.826508756868755, "C_zscore": 29.120052111913015, "lambda": 1.1028478142572105, "gamma": 1.3147466986070755, "Cr_mu": 0.6265710574141437, "Cr_std": 0.006772349548205889, "Lr_mu": 1.4319480519480519, "Lr_std": 0.009305446294894989, "closeness": 0.14775778941777293, "betweenness": 0.0011430182344725074}