{"dao_id": "farmgod.eth", "L": 1.5394088669950738, "C": 0.7798556112305121, "L_zscore": 16.93008461481621, "C_zscore": 0.2672193084659496, "lambda": 1.2440286624203822, "gamma": 1.0060358123808542, "Cr_mu": 0.7751767895666946, "Cr_std": 0.01750929485851019, "Lr_mu": 1.2374384236453202, "Lr_std": 0.0178363221578637, "closeness": 0.3520378490321506, "betweenness": 0.007388663967611333}