{"dao_id": "finnexus", "L": 1.4692307692307693, "C": 0.8442632501194687, "L_zscore": 16.297295510539502, "C_zscore": 3.669711994797421, "lambda": 1.2061888222292394, "gamma": 1.063026658281151, "Cr_mu": 0.7942070347366366, "Cr_std": 0.013640366179634041, "Lr_mu": 1.2180769230769228, "Lr_std": 0.015410768368986416, "closeness": 0.06920360447562941, "betweenness": 0.00037480798771121355}