{"dao_id": "flashcommunity.eth", "L": 1.2717171717171718, "C": 0.9220293567160079, "L_zscore": 896.3333333334261, "C_zscore": -256.96978950378247, "lambda": 1.2715887284112717, "gamma": 0.9221225004029173, "Cr_mu": 0.99989898989899, "Cr_std": 0.0003030303030303716, "Lr_mu": 1.0001010101010102, "Lr_std": 0.0003030303030302717, "closeness": 0.2738569249078617, "betweenness": 0.0012257917521075413}