{"dao_id": "flootfamiliar.eth", "L": 1.3394957983193276, "C": 0.8640325104890494, "L_zscore": 66.15468934530989, "C_zscore": -27.506561601045217, "lambda": 1.325681969394544, "gamma": 0.8727023852967604, "Cr_mu": 0.9900654851484532, "Cr_std": 0.004581923996440714, "Lr_mu": 1.010420168067227, "Lr_std": 0.004974335659478551, "closeness": 0.19505325149326458, "betweenness": 0.0012851344301510349}