{"dao_id": "fortube-eth", "L": 1.5555555555555556, "C": 0.6666666666666666, "L_zscore": 4.024238096178355, "C_zscore": 0.747889252200748, "lambda": 1.1608623548922055, "gamma": 1.090470070491101, "Cr_mu": 0.6113571428571428, "Cr_std": 0.07395416319564606, "Lr_mu": 1.3400000000000003, "Lr_std": 0.05356431463641753, "closeness": 0.10945576162967467, "betweenness": 0.00411725955204216}