{"dao_id": "frax.eth", "L": 1.734674994216979, "C": 0.8074994405670645, "L_zscore": 33.09001800919085, "C_zscore": 69.98770287052103, "lambda": 1.0512297523673346, "gamma": 1.458616725709256, "Cr_mu": 0.5536063218899508, "Cr_std": 0.003627681839291427, "Lr_mu": 1.6501387925052047, "Lr_std": 0.002554734230978483, "closeness": 0.1590990971504194, "betweenness": 0.0007938632570539724}