{"dao_id": "ftm.hyperjumpdao.eth", "L": 1.1181972789115646, "C": 0.9366026068510785, "L_zscore": 11819.72789115646, "C_zscore": -6339.739314892145, "lambda": 1.1181972789115646, "gamma": 0.9366026068510785, "Cr_mu": 1.0, "Cr_std": 0.0, "Lr_mu": 1.0, "Lr_std": 0.0, "closeness": 0.09817077337980122, "betweenness": 8.75211247031208e-05}