{"dao_id": "fucd.eth", "L": 1.3238095238095238, "C": 0.8758974358974357, "L_zscore": 14.80550230659958, "C_zscore": -3.6678062231302517, "lambda": 1.2466367713004487, "gamma": 0.9325359433704797, "Cr_mu": 0.9392639952639954, "Cr_std": 0.01727641961206994, "Lr_mu": 1.0619047619047617, "Lr_std": 0.017689691067625416, "closeness": 0.6026301187101816, "betweenness": 0.016666666666666666}