{"dao_id": "fusedao.eth", "L": 1.1515151515151516, "C": 0.9168350168350169, "L_zscore": 15151.51515151516, "C_zscore": -8316.49831649831, "lambda": 1.1515151515151516, "gamma": 0.9168350168350169, "Cr_mu": 1.0, "Cr_std": 0.0, "Lr_mu": 1.0, "Lr_std": 0.0, "closeness": 0.6428255473787148, "betweenness": 0.009157509157509156}