{"dao_id": "gamifydex.eth", "L": 1.8055555555555556, "C": 0.7407407407407407, "L_zscore": -1.0400658197071544, "C_zscore": 5.962962962962963, "lambda": 0.8940852819807428, "gamma": 5.128205128205129, "Cr_mu": 0.14444444444444443, "Cr_std": 0.1, "Lr_mu": 2.0194444444444444, "Lr_std": 0.20564937798755115, "closeness": 0.0689307555189908, "betweenness": 0.004202898550724638}