{"dao_id": "gdao.eth", "L": 2.029326923076923, "C": 0.7920483084371993, "L_zscore": 17.47429864165596, "C_zscore": 28.420173857771964, "lambda": 1.1362657478195324, "gamma": 1.5157217628814192, "Cr_mu": 0.5225552128587893, "Cr_std": 0.009482457669931275, "Lr_mu": 1.7859615384615388, "Lr_std": 0.013927047351430731, "closeness": 0.13801001959478862, "betweenness": 0.0023012300456161624}