{"dao_id": "gec.eth", "L": 1.1652421652421652, "C": 0.9076716173054846, "L_zscore": 16524.216524216517, "C_zscore": -9232.838269451537, "lambda": 1.1652421652421652, "gamma": 0.9076716173054846, "Cr_mu": 1.0, "Cr_std": 0.0, "Lr_mu": 1.0, "Lr_std": 0.0, "closeness": 0.7560726158329818, "betweenness": 0.005291005291005291}