{"dao_id": "genzdao.eth", "L": 1.019047619047619, "C": 0.9824175824175825, "L_zscore": 1904.7619047618978, "C_zscore": -1758.2417582417518, "lambda": 1.019047619047619, "gamma": 0.9824175824175825, "Cr_mu": 1.0, "Cr_std": 0.0, "Lr_mu": 1.0, "Lr_std": 0.0, "closeness": 0.9827777777777779, "betweenness": 0.0014652014652014654}