{"dao_id": "getprotocolsnapshot.eth", "L": 1.4285714285714286, "C": 0.6285714285714287, "L_zscore": -0.8571428571428574, "C_zscore": 1.004409969034207, "lambda": 0.9615384615384616, "gamma": 1.4102564102564104, "Cr_mu": 0.44571428571428573, "Cr_std": 0.18205428907975665, "Lr_mu": 1.4857142857142858, "Lr_std": 0.06666666666666667, "closeness": 0.02061096797938903, "betweenness": 0.000328263486158223}