{"dao_id": "gfdao.eth", "L": 1.1, "C": 0.9, "L_zscore": 0.816496580927726, "C_zscore": -0.8164965809277269, "lambda": 1.0377358490566038, "gamma": 0.9574468085106382, "Cr_mu": 0.9400000000000001, "Cr_std": 0.04898979485566355, "Lr_mu": 1.06, "Lr_std": 0.048989794855663606, "closeness": 0.9199999999999999, "betweenness": 0.03333333333333333}