{"dao_id": "goetheinstitu.eth", "L": 1.2222222222222223, "C": 0.8687830687830689, "L_zscore": 19.500000000000078, "C_zscore": -11.309523809523798, "lambda": 1.2154696132596687, "gamma": 0.873636605480181, "Cr_mu": 0.9944444444444445, "Cr_std": 0.011111111111111117, "Lr_mu": 1.0055555555555555, "Lr_std": 0.011111111111111073, "closeness": 0.8374859708193042, "betweenness": 0.03174603174603173}