{"dao_id": "golff", "L": 1.5766129032258065, "C": 0.7848660962376217, "L_zscore": 20.20497813469848, "C_zscore": 9.41895725467714, "lambda": 1.1708339571792183, "gamma": 1.144831816666117, "Cr_mu": 0.6855732735689009, "Cr_std": 0.010541806272601498, "Lr_mu": 1.3465725806451614, "Lr_std": 0.011385328954431855, "closeness": 0.0730294117272795, "betweenness": 0.0006887500150513553}