{"dao_id": "gov.dhedge.eth", "L": 1.6291926902613925, "C": 0.8284578448302652, "L_zscore": 42.97200827842094, "C_zscore": 91.1305402525901, "lambda": 1.088873943863392, "gamma": 1.378923409695727, "Cr_mu": 0.6008004788410057, "Cr_std": 0.0024981456859385735, "Lr_mu": 1.4962179042331714, "Lr_std": 0.0030944512801603565, "closeness": 0.23134676291719206, "betweenness": 0.001079634988112107}