{"dao_id": "gov.radicle.eth", "L": 1.3814207650273225, "C": 0.916061374000853, "L_zscore": 121.07947245962991, "C_zscore": -25.321588341275493, "lambda": 1.3623625781418411, "gamma": 0.9284490946760718, "Cr_mu": 0.9866576199532611, "Cr_std": 0.0027879864801898142, "Lr_mu": 1.0139890710382513, "Lr_std": 0.0030346324321125495, "closeness": 0.021896523754307964, "betweenness": 3.146872142088942e-05}