{"dao_id": "growthdefi", "L": 1.275, "C": 0.8851648351648351, "L_zscore": 70.48437854622577, "C_zscore": -28.54337964262667, "lambda": 1.2676056338028168, "gamma": 0.8903585936276632, "Cr_mu": 0.9941666666666666, "Cr_std": 0.0038188130791298527, "Lr_mu": 1.0058333333333334, "Lr_std": 0.0038188130791298527, "closeness": 0.13700823084479594, "betweenness": 0.0013039355144618303}