{"dao_id": "guizhoumaotai.eth", "L": 1.7435897435897436, "C": 0.6247086247086246, "L_zscore": -5.992429580983331, "C_zscore": 6.414362355065655, "lambda": 0.6746031746031745, "gamma": 8.60905878573723, "Cr_mu": 0.07256410256410258, "Cr_std": 0.08607940923519443, "Lr_mu": 2.5846153846153848, "Lr_std": 0.14034802239388727, "closeness": 0.04863916302467639, "betweenness": 0.0014597805295479714}