{"dao_id": "hamdao.eth", "L": 1.5018181818181817, "C": 0.8339590261010308, "L_zscore": 52.23131296787226, "C_zscore": 23.769846948202638, "lambda": 1.1799250841216429, "gamma": 1.1148927130326545, "Cr_mu": 0.7480172902310509, "Cr_std": 0.0036155780076017018, "Lr_mu": 1.2728080808080808, "Lr_std": 0.004384536554747649, "closeness": 0.2326688333540485, "betweenness": 0.0010112297799842454}