{"dao_id": "handao.eth", "L": 1.358974358974359, "C": 0.824192474192474, "L_zscore": 7.0, "C_zscore": -0.7664189075167297, "lambda": 1.1790878754171303, "gamma": 0.9671028852947973, "Cr_mu": 0.8522283272283273, "Cr_std": 0.03658032540806196, "Lr_mu": 1.1525641025641025, "Lr_std": 0.02948717948717951, "closeness": 0.3853936912760442, "betweenness": 0.011437908496732025}