{"dao_id": "harvesters.eth", "L": 1.2258064516129032, "C": 0.964695340501792, "L_zscore": 22580.645161290322, "C_zscore": -3530.4659498208043, "lambda": 1.2258064516129032, "gamma": 0.964695340501792, "Cr_mu": 1.0, "Cr_std": 0.0, "Lr_mu": 1.0, "Lr_std": 0.0, "closeness": 0.21321166570834238, "betweenness": 0.0009401257418179685}