{"dao_id": "heimu.eth", "L": 1.4285714285714286, "C": 0.8285714285714285, "L_zscore": -1.0051414220648331, "C_zscore": 1.9799488274250296, "lambda": 0.9146341463414634, "gamma": 2.037470725995316, "Cr_mu": 0.4066666666666666, "Cr_std": 0.21308872030468537, "Lr_mu": 1.561904761904762, "Lr_std": 0.13265131692556303, "closeness": 0.005540499849442939, "betweenness": 3.3875338753387534e-05}