{"dao_id": "honeydao.eth", "L": 1.1467432950191572, "C": 0.9252160410153318, "L_zscore": 14674.329501915716, "C_zscore": -7478.395898466816, "lambda": 1.1467432950191572, "gamma": 0.9252160410153318, "Cr_mu": 1.0, "Cr_std": 0.0, "Lr_mu": 1.0, "Lr_std": 0.0, "closeness": 0.8514746334651373, "betweenness": 0.0009646213168718057}