{"dao_id": "hubdao", "L": 1.079123229083133, "C": 0.9913687662691643, "L_zscore": 7912.322908313296, "C_zscore": -863.123373083574, "lambda": 1.079123229083133, "gamma": 0.9913687662691643, "Cr_mu": 1.0, "Cr_std": 0.0, "Lr_mu": 1.0, "Lr_std": 0.0, "closeness": 0.5191758383286688, "betweenness": 0.00037929753072181877}