{"dao_id": "icebrk.eth", "L": 1.4238095238095239, "C": 0.8500096742577945, "L_zscore": 6.522747752635706, "C_zscore": 1.4065541830509811, "lambda": 1.1846275752773376, "gamma": 1.0542294580444467, "Cr_mu": 0.8062852614975571, "Cr_std": 0.03108619155032765, "Lr_mu": 1.2019047619047618, "Lr_std": 0.03402013542760334, "closeness": 0.25626544584366795, "betweenness": 0.004532722179781003}