{"dao_id": "ichi.eth", "L": 1.6141176470588234, "C": 0.8106247528715732, "L_zscore": 24.533456167298738, "C_zscore": 33.94540961766841, "lambda": 1.1205488402482848, "gamma": 1.3033182021573342, "Cr_mu": 0.6219699468094408, "Cr_std": 0.005557594036630464, "Lr_mu": 1.4404705882352942, "Lr_std": 0.007077969676974735, "closeness": 0.2563965748175919, "betweenness": 0.0031767283349561836}