{"dao_id": "idlefinance.eth", "L": 1.8799392097264438, "C": 0.8014501557747016, "L_zscore": 6.597675302348335, "C_zscore": 45.651976395306775, "lambda": 1.0272664359861592, "gamma": 1.4454134875560996, "Cr_mu": 0.5544781217793885, "Cr_std": 0.005409887008105588, "Lr_mu": 1.8300405268490376, "Lr_std": 0.007563070413550898, "closeness": 0.13208617571468093, "betweenness": 0.0007583159361600137}