{"dao_id": "ilv.eth", "L": 1.5010623672040995, "C": 0.9318555180602428, "L_zscore": 109.97607770352371, "C_zscore": 79.30853832283861, "lambda": 1.189638948046159, "gamma": 1.2292300922720594, "Cr_mu": 0.7580806261729557, "Cr_std": 0.002191124632506874, "Lr_mu": 1.261779777527809, "Lr_std": 0.002175769446164051, "closeness": 0.0092553087998079, "betweenness": 6.26003763814448e-06}