{"dao_id": "ilvgov.eth", "L": 1.7555555555555555, "C": 0.8300000000000001, "L_zscore": 7.137197394318653, "C_zscore": 2.2775097104030886, "lambda": 1.2929623567921438, "gamma": 1.3007462686567164, "Cr_mu": 0.6380952380952382, "Cr_std": 0.08426078757345774, "Lr_mu": 1.357777777777778, "Lr_std": 0.05573304979548644, "closeness": 0.5879411764705882, "betweenness": 0.09444444444444444}