{"dao_id": "impossiblefinance.eth", "L": 1.1523809523809523, "C": 0.9278195488721802, "L_zscore": 15238.095238095228, "C_zscore": -7218.045112781978, "lambda": 1.1523809523809523, "gamma": 0.9278195488721802, "Cr_mu": 1.0, "Cr_std": 0.0, "Lr_mu": 1.0, "Lr_std": 0.0, "closeness": 0.5699633699633699, "betweenness": 0.004102564102564104}