{"dao_id": "instadapp-gov.eth", "L": 1.4625850340136055, "C": 0.8658372263088847, "L_zscore": 25.952603577691924, "C_zscore": 10.640840312159883, "lambda": 1.1884198162094937, "gamma": 1.107349163632326, "Cr_mu": 0.7819008265367411, "Cr_std": 0.007888136398046008, "Lr_mu": 1.2306972789115647, "Lr_std": 0.008935047861686007, "closeness": 0.29627027653266785, "betweenness": 0.002685425151178576}