{"dao_id": "insuretoken.eth", "L": 1.1428571428571428, "C": 0.9142857142857143, "L_zscore": 6.999999999999991, "C_zscore": -4.000000000000008, "lambda": 1.1320754716981132, "gamma": 0.923076923076923, "Cr_mu": 0.9904761904761905, "Cr_std": 0.019047619047619025, "Lr_mu": 1.0095238095238095, "Lr_std": 0.019047619047619067, "closeness": 0.10944026733500416, "betweenness": 0.0010319917440660474}