{"dao_id": "isitcopernicus.eth", "L": 1.1428571428571428, "C": 0.9142857142857144, "L_zscore": 9.666666666666652, "C_zscore": -5.666666666666669, "lambda": 1.1374407582938388, "gamma": 0.9186602870813397, "Cr_mu": 0.9952380952380953, "Cr_std": 0.01428571428571427, "Lr_mu": 1.0047619047619047, "Lr_std": 0.014285714285714303, "closeness": 0.6683673469387754, "betweenness": 0.017857142857142853}