{"dao_id": "jaeyuntv.eth", "L": 1.7017543859649122, "C": 0.8068857097494868, "L_zscore": 8.027010678509182, "C_zscore": 12.727159337074916, "lambda": 1.0915228807201802, "gamma": 1.5451744517736183, "Cr_mu": 0.5221971595655807, "Cr_std": 0.022368585372746354, "Lr_mu": 1.55906432748538, "Lr_std": 0.017776238776106058, "closeness": 0.23763257639213906, "betweenness": 0.009852216748768471}