{"dao_id": "jamm", "L": 1.3416666666666666, "C": 0.8660096847596848, "L_zscore": 15.384361261637416, "C_zscore": -2.194939944518982, "lambda": 1.212349397590361, "gamma": 0.9617408057059388, "Cr_mu": 0.9004605810855812, "Cr_std": 0.01569559860256056, "Lr_mu": 1.106666666666667, "Lr_std": 0.01527525231651949, "closeness": 0.2119363564830363, "betweenness": 0.0033661740558292284}