{"dao_id": "jbdao.eth", "L": 1.4035087719298245, "C": 0.8563515431936485, "L_zscore": 15.749140708967763, "C_zscore": -1.8065277810427716, "lambda": 1.2644889357218123, "gamma": 0.9573207264696113, "Cr_mu": 0.8945294084999966, "Cr_std": 0.021133284362951206, "Lr_mu": 1.1099415204678362, "Lr_std": 0.018640207544455254, "closeness": 0.3067855792472979, "betweenness": 0.00629447181171319}