{"dao_id": "kangal-bsc.eth", "L": 2.2108262108262107, "C": 0.6576583909917244, "L_zscore": 6.025385181674261, "C_zscore": 8.734052739177317, "lambda": 1.1918292121025953, "gamma": 1.4131026387309475, "Cr_mu": 0.4654002992891881, "Cr_std": 0.022012472038341002, "Lr_mu": 1.8549857549857554, "Lr_std": 0.0590568810310611, "closeness": 0.049118848797148076, "betweenness": 0.001541849421171588}