{"dao_id": "kian.eth", "L": 1.3, "C": 0.8683667027417027, "L_zscore": 27.032186934001107, "C_zscore": -12.681636971364878, "lambda": 1.2818405916187345, "gamma": 0.8802688729886601, "Cr_mu": 0.9864789377289378, "Cr_std": 0.009313642651491476, "Lr_mu": 1.0141666666666667, "Lr_std": 0.010573814617041287, "closeness": 0.03060343268943546, "betweenness": 0.00015174698719002517}