{"dao_id": "kimchidao.eth", "L": 1.1071428571428572, "C": 0.9285714285714285, "L_zscore": 10714.28571428572, "C_zscore": -7142.85714285715, "lambda": 1.1071428571428572, "gamma": 0.9285714285714285, "Cr_mu": 1.0, "Cr_std": 0.0, "Lr_mu": 1.0, "Lr_std": 0.0, "closeness": 0.16756535947712414, "betweenness": 0.0012254901960784314}