{"dao_id": "kleros.eth", "L": 1.6282227307398933, "C": 0.8659795974589141, "L_zscore": 50.09377263273131, "C_zscore": 172.3193537231864, "lambda": 1.1382712099397432, "gamma": 1.3646644008117397, "Cr_mu": 0.6345733038421796, "Cr_std": 0.0013428920699671684, "Lr_mu": 1.4304347826086956, "Lr_std": 0.003948354011611473, "closeness": 0.20972881702789598, "betweenness": 0.0010610402162069127}