{"dao_id": "klondike.eth", "L": 1.5, "C": 0.9196569051393291, "L_zscore": 23.758114513407392, "C_zscore": 32.99866203540407, "lambda": 1.1506649367499187, "gamma": 1.2809287011851358, "Cr_mu": 0.7179610420848934, "Cr_std": 0.006112243667274673, "Lr_mu": 1.3035940803382666, "Lr_std": 0.008266898433833873, "closeness": 0.10572031776935023, "betweenness": 0.000710802545664931}