{"dao_id": "klt.eth", "L": 1.3186813186813187, "C": 0.8584716870431157, "L_zscore": 12.335330451937274, "C_zscore": -4.756380920104423, "lambda": 1.2684989429175477, "gamma": 0.8917281278276848, "Cr_mu": 0.9627056277056278, "Cr_std": 0.021914548564000158, "Lr_mu": 1.0395604395604394, "Lr_std": 0.022627758551619755, "closeness": 0.09109657033999138, "betweenness": 0.0009784075573549258}