{"dao_id": "kukaburra.eth", "L": 1.4444444444444444, "C": 0.7492063492063492, "L_zscore": 4.906728833137743, "C_zscore": -0.7058089830090915, "lambda": 1.2064965197215778, "gamma": 0.934098555313675, "Cr_mu": 0.802063492063492, "Cr_std": 0.0748887363714128, "Lr_mu": 1.1972222222222222, "Lr_std": 0.050384325408936274, "closeness": 0.19044648162295222, "betweenness": 0.007843137254901959}