{"dao_id": "kusgov.eth", "L": 1.3738191632928476, "C": 0.8757540317698818, "L_zscore": 22.341924729432403, "C_zscore": -4.668814588382298, "lambda": 1.288281447734751, "gamma": 0.9335500304907485, "Cr_mu": 0.9380900896222085, "Cr_std": 0.013351581364452008, "Lr_mu": 1.066396761133603, "Lr_std": 0.013759888903137252, "closeness": 0.2056078789982971, "betweenness": 0.0014243695750545064}