{"dao_id": "landdao.eth", "L": 1.0269230769230768, "C": 0.9801619433198383, "L_zscore": 2692.3076923076824, "C_zscore": -1983.8056680161696, "lambda": 1.0269230769230768, "gamma": 0.9801619433198383, "Cr_mu": 1.0, "Cr_std": 0.0, "Lr_mu": 1.0, "Lr_std": 0.0, "closeness": 0.35520177383592016, "betweenness": 0.00015297202797202796}