{"dao_id": "lastslice.eth", "L": 1.632183908045977, "C": 0.8277360467987068, "L_zscore": 10.012368588524676, "C_zscore": 16.630134561577258, "lambda": 1.0676691729323309, "gamma": 1.4825367351890473, "Cr_mu": 0.5583241393968947, "Cr_std": 0.016200224141557407, "Lr_mu": 1.528735632183908, "Lr_std": 0.010332048300801925, "closeness": 0.1986850954189005, "betweenness": 0.0039130311050399845}