{"dao_id": "levx.eth", "L": 1.402162162162162, "C": 0.8425415768445239, "L_zscore": 82.86954896734083, "C_zscore": -26.61358811834649, "lambda": 1.3275332650972362, "gamma": 0.8893363032979473, "Cr_mu": 0.9473824173376333, "Cr_std": 0.003939372625250622, "Lr_mu": 1.0562162162162163, "Lr_std": 0.004174584636417946, "closeness": 0.2094904440503116, "betweenness": 0.0008311363331694891}