{"dao_id": "liddao.eth", "L": 1.433862433862434, "C": 0.8858496123464011, "L_zscore": 12.652031576087262, "C_zscore": 3.758628416944742, "lambda": 1.2023070097604258, "gamma": 1.0840561183366841, "Cr_mu": 0.8171621352090147, "Cr_std": 0.018274612310099036, "Lr_mu": 1.1925925925925926, "Lr_std": 0.019069652159724997, "closeness": 0.15958527051025614, "betweenness": 0.0016815856121894452}