{"dao_id": "lido-snapshot.eth", "L": 1.9204256303492944, "C": 0.8090875632803347, "L_zscore": -0.46896135550312856, "C_zscore": 38.32808282036448, "lambda": 0.9962439849759399, "gamma": 1.4452648529212437, "Cr_mu": 0.5598195802277799, "Cr_std": 0.006503533824554192, "Lr_mu": 1.9276659727041405, "Lr_std": 0.015439102326626274, "closeness": 0.08085797974986828, "betweenness": 0.00041958499153237614}