{"dao_id": "liftkitchen.eth", "L": 1.5064425770308123, "C": 0.8263266340750439, "L_zscore": 43.60280780282691, "C_zscore": 19.919500317117656, "lambda": 1.1669740696539002, "gamma": 1.1265038014066324, "Cr_mu": 0.7335320422738334, "Cr_std": 0.004658479897784799, "Lr_mu": 1.2908963585434177, "Lr_std": 0.0049434022566184396, "closeness": 0.3522232699526726, "betweenness": 0.002257888873902901}