{"dao_id": "lunadoge.eth", "L": 1.6333333333333333, "C": 0.8182004362183215, "L_zscore": 12.083161078176776, "C_zscore": 30.53604635726675, "lambda": 1.0672059738643436, "gamma": 1.451817169830047, "Cr_mu": 0.5635698855346241, "Cr_std": 0.008338687585961903, "Lr_mu": 1.5304761904761903, "Lr_std": 0.008512436620820341, "closeness": 0.09865542280249724, "betweenness": 0.0011321075927817504}