{"dao_id": "m.club.eth", "L": 1.3457446808510638, "C": 0.868001590175055, "L_zscore": 97.16077695006544, "C_zscore": -39.20956812112593, "lambda": 1.3290141831553142, "gamma": 0.8785177927961355, "Cr_mu": 0.9880296077013879, "Cr_std": 0.0030611920324024795, "Lr_mu": 1.0125886524822696, "Lr_std": 0.0034289148237257876, "closeness": 0.2662195493482142, "betweenness": 0.0015236755743084857}