{"dao_id": "maha.eth", "L": 1.7708108108108107, "C": 0.8046577996242799, "L_zscore": 34.33922174804815, "C_zscore": 50.131885818757915, "lambda": 1.1636828644501278, "gamma": 1.377957508471717, "Cr_mu": 0.5839496462534031, "Cr_std": 0.00440255038816621, "Lr_mu": 1.5217297297297296, "Lr_std": 0.0072535447340252805, "closeness": 0.07132464054518386, "betweenness": 0.00044270205965115316}