{"dao_id": "maidcoin.eth", "L": 1.7966666666666666, "C": 0.893940797764327, "L_zscore": 14.491427189490473, "C_zscore": 18.482491631205466, "lambda": 1.1636442141623489, "gamma": 1.6409678178177556, "Cr_mu": 0.5447643689643689, "Cr_std": 0.018892281179795894, "Lr_mu": 1.544, "Lr_std": 0.017435595774162704, "closeness": 0.13009712925413172, "betweenness": 0.0036048265460030164}