{"dao_id": "mainnet.ssvnetwork.eth", "L": 1.5108695652173914, "C": 0.8952185699708077, "L_zscore": 8.549278718828742, "C_zscore": 16.044347592018806, "lambda": 1.1279415742493915, "gamma": 1.3156800706020666, "Cr_mu": 0.6804226878356133, "Cr_std": 0.013387635795302995, "Lr_mu": 1.3394927536231884, "Lr_std": 0.020045762599453735, "closeness": 0.29600036467623153, "betweenness": 0.0065826330532212885}