{"dao_id": "marginswap.eth", "L": 1.6939024390243902, "C": 0.7938047023813093, "L_zscore": 7.362320889009366, "C_zscore": 34.09521191951296, "lambda": 1.0523524509432531, "gamma": 1.475316428857361, "Cr_mu": 0.5380572512136359, "Cr_std": 0.007500978488457703, "Lr_mu": 1.6096341463414636, "Lr_std": 0.011445886963270526, "closeness": 0.05549605211182051, "betweenness": 0.0004837398788694939}