{"dao_id": "marnotaur-dao.eth", "L": 1.5887949260042282, "C": 0.8582671562023859, "L_zscore": 12.894347657036949, "C_zscore": 50.63591739183833, "lambda": 1.0800517390054611, "gamma": 1.4280242949363107, "Cr_mu": 0.6010171950475565, "Cr_std": 0.005080385118020867, "Lr_mu": 1.4710359408033828, "Lr_std": 0.009132605102095235, "closeness": 0.07019750859128318, "betweenness": 0.0004955604192245413}