{"dao_id": "mcnventures.eth", "L": 1.4285714285714286, "C": 0.7142857142857143, "L_zscore": -0.570351825472031, "C_zscore": 2.0227684062754636, "lambda": 0.9708737864077669, "gamma": 1.6574585635359118, "Cr_mu": 0.4309523809523809, "Cr_std": 0.14007205790554977, "Lr_mu": 1.4714285714285715, "Lr_std": 0.07514158970504524, "closeness": 0.050692640692640685, "betweenness": 0.0013043478260869564}