{"dao_id": "metapoolgov.eth", "L": 1.4242424242424243, "C": 0.7148148148148148, "L_zscore": 7.216769430035106, "C_zscore": -3.523166618086606, "lambda": 1.2401055408970978, "gamma": 0.8319477800357165, "Cr_mu": 0.8592063492063492, "Cr_std": 0.04098345325204968, "Lr_mu": 1.1484848484848484, "Lr_std": 0.03821066731187426, "closeness": 0.022484240244421243, "betweenness": 0.00020396270396270402}