{"dao_id": "metafactory.eth", "L": 1.867456497593484, "C": 0.8109852375233011, "L_zscore": -0.6739560089617532, "C_zscore": 23.335726571813094, "lambda": 0.9904178448005027, "gamma": 1.54415564133447, "Cr_mu": 0.5251965642676033, "Cr_std": 0.012246829871622598, "Lr_mu": 1.885523880044428, "Lr_std": 0.026807955134604933, "closeness": 0.14088670218575042, "betweenness": 0.0015694076038903627}