{"dao_id": "metagamehub.eth", "L": 1.3081563073695253, "C": 0.8720798238437569, "L_zscore": 965.8695783826655, "C_zscore": -405.5493794805559, "lambda": 1.3071450097616584, "gamma": 0.8727492943777815, "Cr_mu": 0.9992329177023261, "Cr_std": 0.0003135329513299516, "Lr_mu": 1.0007736690270128, "Lr_std": 0.0003182444557962165, "closeness": 0.4282653993080643, "betweenness": 0.0010091692690350795}