{"dao_id": "metso.eth", "L": 1.1777777777777778, "C": 0.8777777777777779, "L_zscore": 12.025379665422667, "C_zscore": -9.086956521739088, "lambda": 1.1699779249448126, "gamma": 0.8831749580771382, "Cr_mu": 0.9938888888888888, "Cr_std": 0.012777777777777818, "Lr_mu": 1.0066666666666666, "Lr_std": 0.014229164972073004, "closeness": 0.7142245989304814, "betweenness": 0.01616161616161616}