{"dao_id": "miamitechruns.eth", "L": 1.4052631578947368, "C": 0.8508615524482398, "L_zscore": 11.847926440461146, "C_zscore": 0.5245204034240171, "lambda": 1.2032447048219919, "gamma": 1.0137482999859986, "Cr_mu": 0.8393222977143256, "Cr_std": 0.021999629868708712, "Lr_mu": 1.1678947368421053, "Lr_std": 0.020034596116499232, "closeness": 0.24859095759102998, "betweenness": 0.00428921568627451}