{"dao_id": "millionpoll.eth", "L": 1.371212121212121, "C": 0.8683519199365266, "L_zscore": 36.146909261074846, "C_zscore": -11.88171002968793, "lambda": 1.3348082595870205, "gamma": 0.8916051437809848, "Cr_mu": 0.9739198186476926, "Cr_std": 0.008884907849744817, "Lr_mu": 1.0272727272727273, "Lr_std": 0.009515042944757888, "closeness": 0.16044525894570846, "betweenness": 0.0011430904266176768}