{"dao_id": "mimo.eth", "L": 1.5272727272727273, "C": 0.8191919191919191, "L_zscore": 1.849712753813406, "C_zscore": 4.406317139278193, "lambda": 1.0673443456162643, "gamma": 1.382341482419402, "Cr_mu": 0.5926118326118326, "Cr_std": 0.05142164747070454, "Lr_mu": 1.430909090909091, "Lr_std": 0.05209654102507061, "closeness": 0.0801445374500403, "betweenness": 0.0021505376344086026}