{"dao_id": "mithcash2.eth", "L": 1.37, "C": 0.8527925405833604, "L_zscore": 23.89458556895668, "C_zscore": -6.887252145107144, "lambda": 1.2875939849624063, "gamma": 0.9087587818098127, "Cr_mu": 0.9384146350531057, "Cr_std": 0.012431967447361886, "Lr_mu": 1.0639999999999998, "Lr_std": 0.012806248474865736, "closeness": 0.26187883505548043, "betweenness": 0.003222996515679443}