{"dao_id": "mithcash.eth", "L": 1.4268707482993197, "C": 0.8461165343382081, "L_zscore": 23.10649276526828, "C_zscore": -1.1327275778982828, "lambda": 1.2435156365792206, "gamma": 0.9850558349366194, "Cr_mu": 0.8589528677759155, "Cr_std": 0.011332233529199098, "Lr_mu": 1.1474489795918366, "Lr_std": 0.012092781520157237, "closeness": 0.053190018458000636, "betweenness": 0.00017802763116504903}