{"dao_id": "moonwolf.eth", "L": 1.59, "C": 0.8354600796520302, "L_zscore": 18.915504124825606, "C_zscore": 19.65712579679614, "lambda": 1.1319411485524442, "gamma": 1.3025212077758186, "Cr_mu": 0.6414176403919437, "Cr_std": 0.009871353587802388, "Lr_mu": 1.4046666666666667, "Lr_std": 0.009797958971132737, "closeness": 0.1259041895288672, "betweenness": 0.0021284271284271283}