{"dao_id": "moontools", "L": 1.13224043715847, "C": 0.9887528883083212, "L_zscore": 13224.043715847, "C_zscore": -1124.7111691678801, "lambda": 1.13224043715847, "gamma": 0.9887528883083212, "Cr_mu": 1.0, "Cr_std": 0.0, "Lr_mu": 1.0, "Lr_std": 0.0, "closeness": 0.35487131712002684, "betweenness": 0.0005471152107071803}