{"dao_id": "moonbeans.eth", "L": 1.4706413730803976, "C": 0.844039349839903, "L_zscore": 46.88848745123896, "C_zscore": 7.42639915442784, "lambda": 1.2178640001994865, "gamma": 1.048773836558902, "Cr_mu": 0.8047868095272601, "Cr_std": 0.00528554141736906, "Lr_mu": 1.2075579644685335, "Lr_std": 0.005610831632934504, "closeness": 0.1615363584689523, "betweenness": 0.0006476555119089055}