{"dao_id": "mstabledao.eth", "L": 1.25, "C": 0.8716931216931217, "L_zscore": 29.666666666666774, "C_zscore": -15.06349206349204, "lambda": 1.2465373961218837, "gamma": 0.874121236238228, "Cr_mu": 0.9972222222222221, "Cr_std": 0.008333333333333337, "Lr_mu": 1.0027777777777778, "Lr_std": 0.008333333333333304, "closeness": 0.539153775517412, "betweenness": 0.018181818181818177}