{"dao_id": "mstablegrants.eth", "L": 1.0555555555555556, "C": 0.9523809523809523, "L_zscore": 5555.5555555555575, "C_zscore": -4761.904761904767, "lambda": 1.0555555555555556, "gamma": 0.9523809523809523, "Cr_mu": 1.0, "Cr_std": 0.0, "Lr_mu": 1.0, "Lr_std": 0.0, "closeness": 0.9530864197530864, "betweenness": 0.007936507936507936}