{"dao_id": "multiplayerdao.eth", "L": 1.2742566510172144, "C": 0.9451486697965572, "L_zscore": 670.3826170263116, "C_zscore": -134.4202047330491, "lambda": 1.2737084979077862, "gamma": 0.9455537307700302, "Cr_mu": 0.9995716150650231, "Cr_std": 0.0004048717629655958, "Lr_mu": 1.0004303599374023, "Lr_std": 0.00040846269596674946, "closeness": 0.1313091779697956, "betweenness": 0.00025283784329680343}