{"dao_id": "munchproject.eth", "L": 1.5567327409432672, "C": 0.8273395317583562, "L_zscore": 59.005220350330056, "C_zscore": 82.73802497549805, "lambda": 1.1408034462031658, "gamma": 1.218441722864332, "Cr_mu": 0.6790144462661976, "Cr_std": 0.0017927075916555108, "Lr_mu": 1.3645933014354066, "Lr_std": 0.003256312549416415, "closeness": 0.13778724427926833, "betweenness": 0.0004049337787853477}