{"dao_id": "narwhal", "L": 1.0, "C": 1.0, "L_zscore": 0.0, "C_zscore": 0.0, "lambda": 1.0, "gamma": 1.0, "Cr_mu": 1.0, "Cr_std": 0.0, "Lr_mu": 1.0, "Lr_std": 0.0, "closeness": 0.056253652834599654, "betweenness": 1.0253570806033203e-05}