{"dao_id": "nashdao.eth", "L": 1.317959468902865, "C": 0.8694838486691958, "L_zscore": 185.46047405399645, "C_zscore": -77.0683547448726, "lambda": 1.313461940246535, "gamma": 0.872408895596191, "Cr_mu": 0.9966471605897642, "Cr_std": 0.0016500068327853937, "Lr_mu": 1.003424178895877, "Lr_std": 0.0016959694059415142, "closeness": 0.25509057531973156, "betweenness": 0.0011314692687973105}