{"dao_id": "naturecatalysis.eth", "L": 1.4615384615384615, "C": 0.904928404928405, "L_zscore": 5.515151288312041, "C_zscore": 2.8165639154029525, "lambda": 1.1912225705329151, "gamma": 1.14491273946266, "Cr_mu": 0.7903907203907204, "Cr_std": 0.04066575017570591, "Lr_mu": 1.226923076923077, "Lr_std": 0.042540153905223234, "closeness": 0.07141084405790288, "betweenness": 0.0012145748987854252}