{"dao_id": "nextdao.eth", "L": 1.1515151515151516, "C": 0.9170182012649679, "L_zscore": 15151.51515151516, "C_zscore": -8298.179873503208, "lambda": 1.1515151515151516, "gamma": 0.9170182012649679, "Cr_mu": 1.0, "Cr_std": 0.0, "Lr_mu": 1.0, "Lr_std": 0.0, "closeness": 0.7402393546268732, "betweenness": 0.0037348272642390287}