{"dao_id": "nft", "L": 2.0409745293466224, "C": 0.8778224658448921, "L_zscore": 23.34193408174714, "C_zscore": 26.38044410956679, "lambda": 1.2488988276750017, "gamma": 1.636494137975392, "Cr_mu": 0.5364042836908054, "Cr_std": 0.012942093800091578, "Lr_mu": 1.63421926910299, "Lr_std": 0.017425945031766057, "closeness": 0.07796093316507155, "betweenness": 0.0014925325737295213}