{"dao_id": "nice", "L": 1.4, "C": 0.8980574980574981, "L_zscore": 11.363692681011067, "C_zscore": -0.19665543569403907, "lambda": 1.268334771354616, "gamma": 0.9947918903791944, "Cr_mu": 0.902759166759167, "Cr_std": 0.02390815532291639, "Lr_mu": 1.1038095238095238, "Lr_std": 0.026064632730293358, "closeness": 0.03955794504181601, "betweenness": 0.000352547153181738}