{"dao_id": "nudao.eth", "L": 1.281019746536988, "C": 0.9712042349233864, "L_zscore": 2440.767042161055, "C_zscore": -249.23314320082693, "lambda": 1.2808876184301645, "gamma": 0.971304445895128, "Cr_mu": 0.9998968284638611, "Cr_std": 0.0001151235071386746, "Lr_mu": 1.0001031535514298, "Lr_std": 0.00011509357023144438, "closeness": 0.06720470290755351, "betweenness": 5.827311370817091e-05}