{"dao_id": "onepixeldao.eth", "L": 1.524861129928194, "C": 0.8333412272023601, "L_zscore": 62.828012452759765, "C_zscore": 50.97023250420385, "lambda": 1.1574693021246838, "gamma": 1.1690495397973346, "Cr_mu": 0.7128365384300372, "Cr_std": 0.0023642169723746913, "Lr_mu": 1.31740956509958, "Lr_std": 0.003301896029014069, "closeness": 0.29142652974170796, "betweenness": 0.0012437954704526332}