{"dao_id": "opiumprotocol.eth", "L": 1.837870538415003, "C": 0.802891237234109, "L_zscore": 0.41181974758038153, "C_zscore": 20.81740334310831, "lambda": 1.0066936178673207, "gamma": 1.5677673092888325, "Cr_mu": 0.5121239819691833, "Cr_std": 0.01396750836175663, "Lr_mu": 1.8256503327283724, "Lr_std": 0.029673675821593033, "closeness": 0.0581697262525548, "betweenness": 0.0004995440983824149}