{"dao_id": "origingov.eth", "L": 1.6879795396419437, "C": 0.8208892847159959, "L_zscore": 18.7354641094679, "C_zscore": 38.79669027553944, "lambda": 1.0800196367206676, "gamma": 1.4565420133911042, "Cr_mu": 0.5635877833724898, "Cr_std": 0.006632047721496739, "Lr_mu": 1.5629156010230179, "Lr_std": 0.00667525169850077, "closeness": 0.20497448611291746, "betweenness": 0.0020156153996013725}