{"dao_id": "ownfund.eth", "L": 1.3079710144927537, "C": 0.8727005591855335, "L_zscore": 24.583080947116112, "C_zscore": -9.081380148231759, "lambda": 1.270232230823364, "gamma": 0.8977858722746188, "Cr_mu": 0.972058690313839, "Cr_std": 0.010940862457745653, "Lr_mu": 1.029710144927536, "Lr_std": 0.011319202428850192, "closeness": 0.5736858845283537, "betweenness": 0.00864875864875865}