{"dao_id": "pandaparadise.eth", "L": 1.565546218487395, "C": 0.8266479215861053, "L_zscore": 47.34716468812071, "C_zscore": 93.4187212718493, "lambda": 1.119950304584803, "gamma": 1.261508506589903, "Cr_mu": 0.6552852535419611, "Cr_std": 0.0018343503926314445, "Lr_mu": 1.3978711484593835, "Lr_std": 0.0035413962194462863, "closeness": 0.09565639034324663, "betweenness": 0.0002659114202830751}