{"dao_id": "parachutedao.eth", "L": 1.5666666666666667, "C": 0.7435019841269842, "L_zscore": 5.275862068965523, "C_zscore": 10.79842172392664, "lambda": 1.0885929357266937, "gamma": 1.2438441111681102, "Cr_mu": 0.5977453102453102, "Cr_std": 0.013497960869477172, "Lr_mu": 1.4391666666666667, "Lr_std": 0.024166666666666628, "closeness": 0.19337057151839723, "betweenness": 0.006203247582557927}