{"dao_id": "partydao.eth", "L": 1.5178743961352656, "C": 0.841680975717753, "L_zscore": 13.89137483602141, "C_zscore": 17.151748157893064, "lambda": 1.1347876336318983, "gamma": 1.2141479682961576, "Cr_mu": 0.6932276771001015, "Cr_std": 0.008655286752757901, "Lr_mu": 1.3375845410628018, "Lr_std": 0.012978546558614077, "closeness": 0.2400319955768642, "betweenness": 0.0024424698108908636}