{"dao_id": "pasta.eth", "L": 1.4758620689655173, "C": 0.8207745932030045, "L_zscore": 16.36514533289388, "C_zscore": 4.676795953899283, "lambda": 1.1679097689648903, "gamma": 1.0893521800966706, "Cr_mu": 0.753452013223279, "Cr_std": 0.014395021857559382, "Lr_mu": 1.26367816091954, "Lr_std": 0.012965598760647023, "closeness": 0.16596877473091046, "betweenness": 0.0019171992220061126}