{"dao_id": "pawthereum.eth", "L": 1.5342657342657342, "C": 0.9155671244164305, "L_zscore": 34.77411044920646, "C_zscore": 37.23453686459647, "lambda": 1.1611742290593465, "gamma": 1.2943767224345275, "Cr_mu": 0.707342080978084, "Cr_std": 0.005592255496437558, "Lr_mu": 1.3213053613053614, "Lr_std": 0.0061241069925120845, "closeness": 0.09855070531471417, "betweenness": 0.00046653354583814236}