{"dao_id": "penguin-party", "L": 1.3790849673202614, "C": 0.8640190238229455, "L_zscore": 15.058976671829308, "C_zscore": -3.0471126029939186, "lambda": 1.2703190848886212, "gamma": 0.9393089634597809, "Cr_mu": 0.9198453942571589, "Cr_std": 0.018321072342177856, "Lr_mu": 1.0856209150326799, "Lr_std": 0.019487649040360232, "closeness": 0.06249527402466764, "betweenness": 0.0005371862554413264}