{"dao_id": "pillarwallet.eth", "L": 1.4985754985754987, "C": 0.8492504721973321, "L_zscore": 10.098185106593492, "C_zscore": 6.836039083323197, "lambda": 1.1457198867349163, "gamma": 1.1888194400634375, "Cr_mu": 0.7143645566159438, "Cr_std": 0.019731589292759914, "Lr_mu": 1.3079772079772078, "Lr_std": 0.01887450948723864, "closeness": 0.155370502725005, "betweenness": 0.0021043771043771043}