{"dao_id": "pippi.eth", "L": 1.9059829059829059, "C": 0.655684823082484, "L_zscore": 25.613279521838113, "C_zscore": 6.584161805401417, "lambda": 1.1952831874218333, "gamma": 1.2653787623088248, "Cr_mu": 0.5181727737283293, "Cr_std": 0.020885277947049332, "Lr_mu": 1.5945868945868944, "Lr_std": 0.01215760016715206, "closeness": 0.15854870455497547, "betweenness": 0.005408163265306123}