{"dao_id": "plantswap.eth", "L": 1.2, "C": 0.8666666666666666, "L_zscore": 1.2857142857142871, "C_zscore": -0.030303030303029988, "lambda": 1.0810810810810811, "gamma": 0.996168582375479, "Cr_mu": 0.8699999999999999, "Cr_std": 0.11000000000000001, "Lr_mu": 1.1099999999999999, "Lr_std": 0.06999999999999998, "closeness": 0.12929292929292932, "betweenness": 0.0030303030303030303}