{"dao_id": "pleasrdao.eth", "L": 1.3467532467532468, "C": 0.8618131772622392, "L_zscore": 82.20445821211129, "C_zscore": -34.62013187140731, "lambda": 1.3208508470258569, "gamma": 0.8780165290585654, "Cr_mu": 0.9815455048281381, "Cr_std": 0.00345845960410063, "Lr_mu": 1.0196103896103894, "Lr_std": 0.003979624271699889, "closeness": 0.6645221878485709, "betweenness": 0.005201636469900643}