{"dao_id": "pokt-network", "L": 1.2736842105263158, "C": 0.8853351138026062, "L_zscore": 26.710857605852173, "C_zscore": -11.024077397499761, "lambda": 1.2597605413846957, "gamma": 0.8948552252012971, "Cr_mu": 0.989361283109735, "Cr_std": 0.009436269862430551, "Lr_mu": 1.0110526315789472, "Lr_std": 0.009832390364352349, "closeness": 0.13032803929324419, "betweenness": 0.0009408018526559559}