{"dao_id": "polygaj.eth", "L": 1.3816091954022989, "C": 0.8830834624127978, "L_zscore": 30.043412961844066, "C_zscore": -1.3802431328627662, "lambda": 1.2461123781878498, "gamma": 0.985404583065425, "Cr_mu": 0.8961633400016025, "Cr_std": 0.009476502564932656, "Lr_mu": 1.1087356321839081, "Lr_std": 0.009082641960983176, "closeness": 0.2635947069089239, "betweenness": 0.00282312925170068}