{"dao_id": "polyvertex.eth", "L": 1.3369565217391304, "C": 0.8508055045547475, "L_zscore": 22.297178002344825, "C_zscore": -9.393756640177699, "lambda": 1.290661070304302, "gamma": 0.8804160841657411, "Cr_mu": 0.9663675162874247, "Cr_std": 0.012302001867752363, "Lr_mu": 1.0358695652173915, "Lr_std": 0.013503366053321898, "closeness": 0.33795533578375114, "betweenness": 0.004341736694677872}