{"dao_id": "polywrap.eth", "L": 1.7933333333333332, "C": 0.726432699440372, "L_zscore": -0.1561737618886097, "C_zscore": 14.97963279564791, "lambda": 0.9972196478220574, "gamma": 1.4868988617155674, "Cr_mu": 0.48855555555555547, "Cr_std": 0.01588003839145696, "Lr_mu": 1.7983333333333333, "Lr_std": 0.03201562118716424, "closeness": 0.24478317811284978, "betweenness": 0.009404140983088352}