{"dao_id": "polyient-games-governance", "L": 1.4939954560207724, "C": 0.8469373786157713, "L_zscore": 29.10036077011881, "C_zscore": 15.461230243645401, "lambda": 1.1808922753277407, "gamma": 1.1236070512395488, "Cr_mu": 0.7537665215623567, "Cr_std": 0.006026095956478501, "Lr_mu": 1.265141187925998, "Lr_std": 0.007864310339745665, "closeness": 0.11445080008694201, "betweenness": 0.00043008346218882535}