{"dao_id": "prespool.eth", "L": 1.2024291497975708, "C": 0.9277041835545671, "L_zscore": 20242.914979757075, "C_zscore": -7229.581644543292, "lambda": 1.2024291497975708, "gamma": 0.9277041835545671, "Cr_mu": 1.0, "Cr_std": 0.0, "Lr_mu": 1.0, "Lr_std": 0.0, "closeness": 0.5371191682127209, "betweenness": 0.002713851498046027}