{"dao_id": "primexyz.eth", "L": 1.6583333333333334, "C": 0.6878624847374847, "L_zscore": 10.911078549432068, "C_zscore": 3.9736924209856066, "lambda": 1.1522872032426175, "gamma": 1.1498888135900647, "Cr_mu": 0.5981991272616273, "Cr_std": 0.022564242013884392, "Lr_mu": 1.4391666666666665, "Lr_std": 0.020086617988656564, "closeness": 0.3951869902599307, "betweenness": 0.023099415204678363}