{"dao_id": "prophetfinance.eth", "L": 1.2, "C": 0.8666666666666666, "L_zscore": 0.6546536707079758, "C_zscore": 0.26438635111017406, "lambda": 1.0526315789473684, "gamma": 1.056910569105691, "Cr_mu": 0.82, "Cr_std": 0.1765093639316497, "Lr_mu": 1.1400000000000001, "Lr_std": 0.09165151389911674, "closeness": 0.027383512544802865, "betweenness": 0.0003707823507601038}