{"dao_id": "pupperdao.eth", "L": 1.4420289855072463, "C": 0.857511231804121, "L_zscore": 9.973489238788808, "C_zscore": 2.042931585811886, "lambda": 1.2067919951485748, "gamma": 1.0540171795264919, "Cr_mu": 0.8135647582037995, "Cr_std": 0.021511475913108802, "Lr_mu": 1.194927536231884, "Lr_std": 0.02477582753228804, "closeness": 0.21678522824256277, "betweenness": 0.003295248899332847}