{"dao_id": "qian-bsc", "L": 1.5333333333333334, "C": 0.7000000000000001, "L_zscore": 0.7039894693960467, "C_zscore": 1.2005500241964375, "lambda": 1.0599078341013826, "gamma": 1.5710723192019955, "Cr_mu": 0.4455555555555555, "Cr_std": 0.21193989364562424, "Lr_mu": 1.4466666666666668, "Lr_std": 0.12310790208412932, "closeness": 0.009796027911969941, "betweenness": 0.0001756697408871322}