{"dao_id": "qian-eth", "L": 1.4285714285714286, "C": 0.6285714285714287, "L_zscore": -0.25264557631995493, "C_zscore": 1.1608428496728935, "lambda": 0.9900990099009901, "gamma": 1.3865546218487397, "Cr_mu": 0.4533333333333333, "Cr_std": 0.1509576384843776, "Lr_mu": 1.4428571428571428, "Lr_std": 0.05654448612875196, "closeness": 0.028925619834710745, "betweenness": 0.0005498533724340175}