{"dao_id": "qqgame.eth", "L": 1.4727272727272727, "C": 0.8731601731601731, "L_zscore": 16.263455967290586, "C_zscore": -3.14478777595005, "lambda": 1.396551724137931, "gamma": 0.9221906409308777, "Cr_mu": 0.9468326118326118, "Cr_std": 0.02342683955841249, "Lr_mu": 1.0545454545454545, "Lr_std": 0.02571297386132901, "closeness": 0.20438516162200374, "betweenness": 0.00760233918128655}