{"dao_id": "raidentest.eth", "L": 1.392156862745098, "C": 0.8478297392513078, "L_zscore": 15.554050966521501, "C_zscore": -4.039601614157908, "lambda": 1.3043478260869565, "gamma": 0.9052897001386464, "Cr_mu": 0.9365286483668835, "Cr_std": 0.02195734074486597, "Lr_mu": 1.0673202614379085, "Lr_std": 0.020884372952510374, "closeness": 0.6633604146658246, "betweenness": 0.02063983488132095}