{"dao_id": "rarebunni.eth", "L": 1.4172932330827068, "C": 0.9276691729323309, "L_zscore": 75.06695058496027, "C_zscore": 2.221555055404571, "lambda": 1.3048266314265937, "gamma": 1.0102474407946977, "Cr_mu": 0.9182593644608417, "Cr_std": 0.004235685471128495, "Lr_mu": 1.0861927546138073, "Lr_std": 0.004410735695120082, "closeness": 0.0665519944943725, "betweenness": 0.00015259871487136335}