{"dao_id": "realmsofether.eth", "L": 1.065217391304348, "C": 0.9851778656126481, "L_zscore": 6521.739130434788, "C_zscore": -1482.2134387351914, "lambda": 1.065217391304348, "gamma": 0.9851778656126481, "Cr_mu": 1.0, "Cr_std": 0.0, "Lr_mu": 1.0, "Lr_std": 0.0, "closeness": 0.5641424075531078, "betweenness": 0.0013348164627363741}