{"dao_id": "ren-project.eth", "L": 1.3768854260313654, "C": 0.8577186564247811, "L_zscore": 129.93782694102788, "C_zscore": -45.94516906638702, "lambda": 1.3397352409462904, "gamma": 0.8808115660323773, "Cr_mu": 0.9737822361806414, "Cr_std": 0.00252613239028804, "Lr_mu": 1.0277294975526918, "Lr_std": 0.002687099951557121, "closeness": 0.22556510302069305, "betweenness": 0.00044455347178234234}