{"dao_id": "retokendao.eth", "L": 1.2727272727272727, "C": 0.8686868686868686, "L_zscore": 12.21316053782068, "C_zscore": -4.901929623035371, "lambda": 1.2411347517730498, "gamma": 0.891416048450387, "Cr_mu": 0.9745021645021646, "Cr_std": 0.021586457569289445, "Lr_mu": 1.0254545454545454, "Lr_std": 0.020246415864836467, "closeness": 0.5724504253916018, "betweenness": 0.01748251748251748}