{"dao_id": "rgov.eth", "L": 1.509090909090909, "C": 0.9191919191919191, "L_zscore": 1.9414506867883021, "C_zscore": 3.9301049196919977, "lambda": 1.0921052631578947, "gamma": 1.494831450127307, "Cr_mu": 0.6149134199134199, "Cr_std": 0.07742248756614507, "Lr_mu": 1.3818181818181818, "Lr_std": 0.06555547773570886, "closeness": 0.17705971277399848, "betweenness": 0.007017543859649124}