{"dao_id": "rhat.eth", "L": 1.3349753694581281, "C": 0.8676736257495026, "L_zscore": 78.28747391140217, "C_zscore": -33.632614410689875, "lambda": 1.318734793187348, "gamma": 0.8778815735845644, "Cr_mu": 0.9883720673240916, "Cr_std": 0.0035887320593258987, "Lr_mu": 1.0123152709359604, "Lr_std": 0.004121477963222082, "closeness": 0.2676375420308686, "betweenness": 0.0024605586915617305}