{"dao_id": "ricochet.eth", "L": 1.5447154471544715, "C": 0.8914498150500033, "L_zscore": 20.227714133185053, "C_zscore": 26.598476784343394, "lambda": 1.134909121938732, "gamma": 1.3229690001758274, "Cr_mu": 0.6738251727225101, "Cr_std": 0.008181846054267031, "Lr_mu": 1.3610917537746805, "Lr_std": 0.009077827191483928, "closeness": 0.4279710661843861, "betweenness": 0.007073906485671194}