{"dao_id": "risingsun.eth", "L": 1.1629807692307692, "C": 0.9223901098901103, "L_zscore": 16298.07692307692, "C_zscore": -7760.989010988972, "lambda": 1.1629807692307692, "gamma": 0.9223901098901103, "Cr_mu": 1.0, "Cr_std": 0.0, "Lr_mu": 1.0, "Lr_std": 0.0, "closeness": 0.16332177052325558, "betweenness": 0.00020497007074188282}