{"dao_id": "rook.eth", "L": 1.415018315018315, "C": 0.8748509379019124, "L_zscore": 81.89625089111532, "C_zscore": -11.800486272147376, "lambda": 1.3061707523245987, "gamma": 0.9499319177275675, "Cr_mu": 0.9209617253357859, "Cr_std": 0.003907532822838715, "Lr_mu": 1.0833333333333333, "Lr_std": 0.004050063074632949, "closeness": 0.2852239783334686, "betweenness": 0.0009907895053266956}