{"dao_id": "rope", "L": 1.4997497914929108, "C": 0.8518760684928662, "L_zscore": 50.21621003075628, "C_zscore": 20.312357022382937, "lambda": 1.1969327848556253, "gamma": 1.1132990128548197, "Cr_mu": 0.7651817334396177, "Cr_std": 0.004268058845052636, "Lr_mu": 1.2529941618015012, "Lr_std": 0.004913864059837995, "closeness": 0.17261764582020725, "betweenness": 0.0005783775967870313}