{"dao_id": "rot", "L": 1.704970472440945, "C": 0.8214178170705526, "L_zscore": 41.686756627926286, "C_zscore": 113.28357447708694, "lambda": 1.0761656260677788, "gamma": 1.4519451569632524, "Cr_mu": 0.5657361182901359, "Cr_std": 0.002257005924827448, "Lr_mu": 1.5843011811023622, "Lr_std": 0.0028946673020310105, "closeness": 0.18636083408767162, "betweenness": 0.0009669152972074876}