{"dao_id": "rotomoon.eth", "L": 1.2183650615901456, "C": 0.9201676118917752, "L_zscore": 21836.506159014556, "C_zscore": -7983.238810822479, "lambda": 1.2183650615901456, "gamma": 0.9201676118917752, "Cr_mu": 1.0, "Cr_std": 0.0, "Lr_mu": 1.0, "Lr_std": 0.0, "closeness": 0.12894514328902767, "betweenness": 0.0001393127807688351}