{"dao_id": "saffronfinance.eth", "L": 1.4188311688311688, "C": 0.9536492979769813, "L_zscore": 28.223840700593758, "C_zscore": 10.01662048247385, "lambda": 1.2431017807361893, "gamma": 1.1013935008449665, "Cr_mu": 0.8658570231668892, "Cr_std": 0.008764660192896682, "Lr_mu": 1.1413636363636364, "Lr_std": 0.009830962958265818, "closeness": 0.20117188240555597, "betweenness": 0.0011144515861496996}