{"dao_id": "samuv.eth", "L": 1.1333333333333333, "C": 0.9, "L_zscore": 13333.333333333328, "C_zscore": -9999.999999999996, "lambda": 1.1333333333333333, "gamma": 0.9, "Cr_mu": 1.0, "Cr_std": 0.0, "Lr_mu": 1.0, "Lr_std": 0.0, "closeness": 0.8968253968253967, "betweenness": 0.03333333333333333}