{"dao_id": "sarcophagus-ambassadors.eth", "L": 1.25, "C": 0.8566137566137566, "L_zscore": 29.666666666666774, "C_zscore": -16.873015873015856, "lambda": 1.2465373961218837, "gamma": 0.8589998673564134, "Cr_mu": 0.9972222222222221, "Cr_std": 0.008333333333333337, "Lr_mu": 1.0027777777777778, "Lr_std": 0.008333333333333304, "closeness": 0.5372437663346755, "betweenness": 0.01818181818181818}