{"dao_id": "schnoodle.eth", "L": 1.2881773399014778, "C": 0.9252873563218389, "L_zscore": 81.28571428571468, "C_zscore": -21.115431341521788, "lambda": 1.278103616813294, "gamma": 0.9323968573970568, "Cr_mu": 0.9923750267723281, "Cr_std": 0.003177186833904111, "Lr_mu": 1.0078817733990149, "Lr_std": 0.0034482758620689473, "closeness": 0.06633240779582243, "betweenness": 0.00024864678767476996}