{"dao_id": "screensaver.eth", "L": 1.4105263157894736, "C": 0.8988293650793651, "L_zscore": 9.99692785574153, "C_zscore": 2.006686056920096, "lambda": 1.2204007285974499, "gamma": 1.060502147846354, "Cr_mu": 0.8475507257620262, "Cr_std": 0.025553892269547348, "Lr_mu": 1.1557894736842105, "Lr_std": 0.02548151249875833, "closeness": 0.1898197179133634, "betweenness": 0.0028449502133712666}