{"dao_id": "seachaintoken.xyz", "L": 1.2337662337662338, "C": 0.9202695910900246, "L_zscore": 179.66666666666822, "C_zscore": -61.05908152734352, "lambda": 1.2332323669407184, "gamma": 0.9206681487301676, "Cr_mu": 0.9995670995670995, "Cr_std": 0.0012987012987013878, "Lr_mu": 1.0004329004329005, "Lr_std": 0.0012987012987012879, "closeness": 0.12024309306991819, "betweenness": 0.0006151742993848256}