{"dao_id": "sfd.eth", "L": 1.3849521203830368, "C": 0.8625669060380988, "L_zscore": 90.85837874882033, "C_zscore": -28.903424908882595, "lambda": 1.3425275162445298, "gamma": 0.889119448640567, "Cr_mu": 0.9701361356530148, "Cr_std": 0.0037216776196601475, "Lr_mu": 1.0316005471956224, "Lr_std": 0.003889036741061178, "closeness": 0.22777356879477323, "betweenness": 0.0007705134839859698}