{"dao_id": "shadowpakt.storymode.eth", "L": 1.3526315789473684, "C": 0.9093481252149982, "L_zscore": 28.08259072522508, "C_zscore": -6.362033113955161, "lambda": 1.318624935864546, "gamma": 0.9321875387684423, "Cr_mu": 0.9754991215784559, "Cr_std": 0.010397776179183197, "Lr_mu": 1.0257894736842104, "Lr_std": 0.011638602309208365, "closeness": 0.11335179199885081, "betweenness": 0.0010724289715886356}