{"dao_id": "shardcoin.eth", "L": 1.6171428571428572, "C": 0.7991812196850313, "L_zscore": 13.679781861715085, "C_zscore": 49.33373596902989, "lambda": 1.0866703236423478, "gamma": 1.353798766662677, "Cr_mu": 0.5903249724884418, "Cr_std": 0.004233538026143056, "Lr_mu": 1.4881632653061225, "Lr_std": 0.009428483081130363, "closeness": 0.1443583001467889, "betweenness": 0.0013838246276852788}