{"dao_id": "shedapp.eth", "L": 1.122567287784679, "C": 0.9824595097031933, "L_zscore": 12256.728778467907, "C_zscore": -1754.0490296806709, "lambda": 1.122567287784679, "gamma": 0.9824595097031933, "Cr_mu": 1.0, "Cr_std": 0.0, "Lr_mu": 1.0, "Lr_std": 0.0, "closeness": 0.4105162273227651, "betweenness": 0.0005418149335910613}