{"dao_id": "sherpacash.eth", "L": 1.1439728853521958, "C": 0.9965525000379134, "L_zscore": 14397.288535219575, "C_zscore": -344.74999620865975, "lambda": 1.1439728853521958, "gamma": 0.9965525000379134, "Cr_mu": 1.0, "Cr_std": 0.0, "Lr_mu": 1.0, "Lr_std": 0.0, "closeness": 0.2551061764002109, "betweenness": 0.00018860978373195247}