{"dao_id": "shibby.eth", "L": 1.2933673469387754, "C": 0.9089374365753002, "L_zscore": 198.89970989067976, "C_zscore": -62.32827138689141, "lambda": 1.290295215473363, "gamma": 0.9110815185362107, "Cr_mu": 0.9976466628756171, "Cr_std": 0.0014232582474439323, "Lr_mu": 1.0023809523809522, "Lr_std": 0.0014629804875922476, "closeness": 0.11099599099808222, "betweenness": 0.00032144454382826464}