{"dao_id": "shoppingio.eth", "L": 1.9577533577533577, "C": 0.8192268158057154, "L_zscore": 53.359349418274356, "C_zscore": 41.10144654852937, "lambda": 1.1483863574508315, "gamma": 1.5001926624974002, "Cr_mu": 0.5460810709751989, "Cr_std": 0.006645647970272956, "Lr_mu": 1.7047863247863249, "Lr_std": 0.004740819288932286, "closeness": 0.09607173484293889, "betweenness": 0.0008350259535093657}