{"dao_id": "sickvibes.eth", "L": 1.1636363636363636, "C": 0.9111111111111111, "L_zscore": 16363.636363636357, "C_zscore": -8888.88888888889, "lambda": 1.1636363636363636, "gamma": 0.9111111111111111, "Cr_mu": 1.0, "Cr_std": 0.0, "Lr_mu": 1.0, "Lr_std": 0.0, "closeness": 0.16038961038961042, "betweenness": 0.0013043478260869568}