{"dao_id": "slackerdao.eth", "L": 1.361904761904762, "C": 0.8983016983016981, "L_zscore": 7.277397762843721, "C_zscore": -0.5617743568558486, "lambda": 1.2576956904133685, "gamma": 0.9769197557217749, "Cr_mu": 0.9195245495245497, "Cr_std": 0.037778248444147636, "Lr_mu": 1.082857142857143, "Lr_std": 0.03834442312228075, "closeness": 0.060032180581716194, "betweenness": 0.0005731523378582202}