{"dao_id": "snxgov.eth", "L": 1.6415458937198069, "C": 0.8631457367218047, "L_zscore": 27.044936151312758, "C_zscore": 41.69613862923833, "lambda": 1.081476766390834, "gamma": 1.479847273402631, "Cr_mu": 0.5832667682910029, "Cr_std": 0.006712347417094974, "Lr_mu": 1.5178743961352656, "Lr_std": 0.004572815291284694, "closeness": 0.04086295250408864, "betweenness": 0.0002354787790709015}