{"dao_id": "solos.eth", "L": 1.5412810070344316, "C": 0.8461351755819994, "L_zscore": 21.670750716198118, "C_zscore": 26.69970889789594, "lambda": 1.132758292291366, "gamma": 1.2464311525499163, "Cr_mu": 0.6788462995737856, "Cr_std": 0.006265569285715953, "Lr_mu": 1.3606442058496855, "Lr_std": 0.008335511932668143, "closeness": 0.15636203103020882, "betweenness": 0.0008493087022191239}