{"dao_id": "soulswap.eth", "L": 1.5810276679841897, "C": 0.84794179250701, "L_zscore": 4.428819179433363, "C_zscore": 17.922417788393968, "lambda": 1.0598834128245893, "gamma": 1.4920196404399755, "Cr_mu": 0.5683181169498305, "Cr_std": 0.015601894725289552, "Lr_mu": 1.4916996047430828, "Lr_std": 0.02016972462003648, "closeness": 0.08641479940389124, "betweenness": 0.0012956107879428876}