{"dao_id": "spicedao.eth", "L": 1.7825311942959001, "C": 0.7931195369048615, "L_zscore": 33.333502914248044, "C_zscore": 19.425221671030926, "lambda": 1.200768491834774, "gamma": 1.3600932426080716, "Cr_mu": 0.5831361498304342, "Cr_std": 0.010809832218675689, "Lr_mu": 1.4844919786096258, "Lr_std": 0.00894113098323311, "closeness": 0.04770156254585816, "betweenness": 0.0005482373980328391}