{"dao_id": "spiritswap.eth", "L": 1.1515151515151516, "C": 0.9015151515151515, "L_zscore": 15151.51515151516, "C_zscore": -9848.48484848485, "lambda": 1.1515151515151516, "gamma": 0.9015151515151515, "Cr_mu": 1.0, "Cr_std": 0.0, "Lr_mu": 1.0, "Lr_std": 0.0, "closeness": 0.48998015873015865, "betweenness": 0.005952380952380953}