{"dao_id": "spongefinance.eth", "L": 1.4210526315789473, "C": 0.8958006535947712, "L_zscore": 41.535378694366635, "C_zscore": -9.861102005271363, "lambda": 1.3967925504397307, "gamma": 0.9109967022146247, "Cr_mu": 0.9833193154454763, "Cr_std": 0.008875140101372142, "Lr_mu": 1.0173684210526317, "Lr_std": 0.009719044901378655, "closeness": 0.03439335094321617, "betweenness": 0.00021950583748336558}