{"dao_id": "sportx.eth", "L": 1.4849290780141844, "C": 0.8158892801722072, "L_zscore": 20.364243202487465, "C_zscore": 1.7177215583747094, "lambda": 1.2148244850594718, "gamma": 1.0304289928412265, "Cr_mu": 0.7917957334668313, "Cr_std": 0.014026456492851471, "Lr_mu": 1.222340425531915, "Lr_std": 0.012894594209628891, "closeness": 0.2736795733533269, "betweenness": 0.0025936462778568038}