{"dao_id": "squiggledao.eth", "L": 1.4475524475524475, "C": 0.8829840771581061, "L_zscore": 37.22309904108753, "C_zscore": 8.278188614191397, "lambda": 1.2216233229728133, "gamma": 1.0699345125044002, "Cr_mu": 0.8252692728747496, "Cr_std": 0.006971912210893013, "Lr_mu": 1.1849417249417251, "Lr_std": 0.007055047252267951, "closeness": 0.06170915136739979, "betweenness": 0.0001754894922924466}