{"dao_id": "stableunit.eth", "L": 1.098901098901099, "C": 0.9340659340659342, "L_zscore": 9890.1098901099, "C_zscore": -6593.40659340658, "lambda": 1.098901098901099, "gamma": 0.9340659340659342, "Cr_mu": 1.0, "Cr_std": 0.0, "Lr_mu": 1.0, "Lr_std": 0.0, "closeness": 0.2067049808429119, "betweenness": 0.0008210180623973727}