{"dao_id": "stackerventures.eth", "L": 1.75, "C": 0.8148989898989899, "L_zscore": 10.721669574897499, "C_zscore": 6.697503921903988, "lambda": 1.240401653868872, "gamma": 1.3276918137475673, "Cr_mu": 0.6137711940836941, "Cr_std": 0.030030261745351627, "Lr_mu": 1.4108333333333332, "Lr_std": 0.031633754826837154, "closeness": 0.3746961675781805, "betweenness": 0.02631578947368421}