{"dao_id": "stackervc.eth", "L": 1.5770114942528735, "C": 0.8366723560926459, "L_zscore": 16.989758119695146, "C_zscore": 21.941833225686445, "lambda": 1.1167182158554452, "gamma": 1.320401333079091, "Cr_mu": 0.6336500389177735, "Cr_std": 0.009252750902199099, "Lr_mu": 1.412183908045977, "Lr_std": 0.009701585216555984, "closeness": 0.14416383738550467, "betweenness": 0.0021068889392527675}