{"dao_id": "staking.idlefinance.eth", "L": 1.393939393939394, "C": 0.8470478595478595, "L_zscore": 10.499753010333512, "C_zscore": -0.6030830638445792, "lambda": 1.215323645970938, "gamma": 0.9792032005983051, "Cr_mu": 0.8650378787878787, "Cr_std": 0.02983008530422836, "Lr_mu": 1.146969696969697, "Lr_std": 0.023521476812515266, "closeness": 0.2572420327780235, "betweenness": 0.00760233918128655}