{"dao_id": "stockmouton.eth", "L": 1.0842105263157895, "C": 0.9391812865497078, "L_zscore": 8421.05263157895, "C_zscore": -6081.871345029221, "lambda": 1.0842105263157895, "gamma": 0.9391812865497078, "Cr_mu": 1.0, "Cr_std": 0.0, "Lr_mu": 1.0, "Lr_std": 0.0, "closeness": 0.2390375325157934, "betweenness": 0.0005835795309479521}