{"dao_id": "stonedapez420.eth", "L": 1.422843822843823, "C": 0.8500508518826541, "L_zscore": 38.382492687101, "C_zscore": -4.447509575936861, "lambda": 1.2691811868424336, "gamma": 0.9599309863945302, "Cr_mu": 0.8855332976336326, "Cr_std": 0.00797804819644582, "Lr_mu": 1.121072261072261, "Lr_std": 0.007862218960911226, "closeness": 0.26762507840235217, "betweenness": 0.0014808936956706303}