{"dao_id": "strangebrew.eth", "L": 1.4666666666666666, "C": 0.8630397564924419, "L_zscore": 11.36948897637333, "C_zscore": 4.158178653975501, "lambda": 1.1907983761840322, "gamma": 1.10553048196426, "Cr_mu": 0.7806566807267306, "Cr_std": 0.019812298273174853, "Lr_mu": 1.231666666666667, "Lr_std": 0.020669354663903336, "closeness": 0.17065752290667027, "betweenness": 0.002380952380952381}