{"dao_id": "streamr.eth", "L": 1.2479981697552047, "C": 0.9229517283087925, "L_zscore": 24799.81697552047, "C_zscore": -7704.827169120753, "lambda": 1.2479981697552047, "gamma": 0.9229517283087925, "Cr_mu": 1.0, "Cr_std": 0.0, "Lr_mu": 1.0, "Lr_std": 0.0, "closeness": 0.5643683505056284, "betweenness": 0.001543262605209507}