{"dao_id": "streamix.eth", "L": 1.6666666666666667, "C": 0.6851851851851851, "L_zscore": -1.1083376093354433, "C_zscore": 4.078825918748482, "lambda": 0.9345794392523366, "gamma": 2.6657060518731983, "Cr_mu": 0.25703703703703706, "Cr_std": 0.10496847786029516, "Lr_mu": 1.7833333333333332, "Lr_std": 0.10526275178609118, "closeness": 0.0885261938970379, "betweenness": 0.004517221908526257}