{"dao_id": "sunblocks.eth", "L": 1.4183006535947713, "C": 0.8470110862267725, "L_zscore": 6.712007223408821, "C_zscore": 3.5364268622843147, "lambda": 1.1355311355311357, "gamma": 1.1021991784197385, "Cr_mu": 0.7684737049442932, "Cr_std": 0.022208116932962357, "Lr_mu": 1.249019607843137, "Lr_std": 0.025220629256960433, "closeness": 0.3422542369512154, "betweenness": 0.008205128205128205}