{"dao_id": "svc001.eth", "L": 1.444958371877891, "C": 0.8205288289836655, "L_zscore": 19.06907158248572, "C_zscore": -0.16106840049676463, "lambda": 1.217269326683292, "gamma": 0.9972982463502414, "Cr_mu": 0.8227517013957566, "Cr_std": 0.01380079770603869, "Lr_mu": 1.1870490286771507, "Lr_std": 0.013525007868637978, "closeness": 0.13775230961205673, "betweenness": 0.0008310871518418687}