{"dao_id": "swapx", "L": 1.332512315270936, "C": 0.8855102093577591, "L_zscore": 59.493732457131166, "C_zscore": -20.61382669651749, "lambda": 1.3156614785992216, "gamma": 0.89640615750828, "Cr_mu": 0.9878448535195161, "Cr_std": 0.004964369094023937, "Lr_mu": 1.0128078817733992, "Lr_std": 0.00537374981016535, "closeness": 0.24685363937780994, "betweenness": 0.002160864345738296}