{"dao_id": "swerve", "L": 1.8160711046617086, "C": 0.8265376788273376, "L_zscore": 69.0294064750182, "C_zscore": 104.50906247755728, "lambda": 1.0702241035590403, "gamma": 1.5070278312347656, "Cr_mu": 0.5484554841632379, "Cr_std": 0.0026608428788060016, "Lr_mu": 1.6969073099945582, "Lr_std": 0.0017262758113134858, "closeness": 0.091411664396482, "betweenness": 0.00036406674940101755}