{"dao_id": "swiftfinance.eth", "L": 1.7094474153297683, "C": 0.8260335037432043, "L_zscore": 15.030094478638096, "C_zscore": 23.688658798123598, "lambda": 1.1449379178605539, "gamma": 1.4131723803356977, "Cr_mu": 0.5845242344369771, "Cr_std": 0.010195143227161403, "Lr_mu": 1.493048128342246, "Lr_std": 0.014397732981325247, "closeness": 0.07500718185654974, "betweenness": 0.0009285181037700638}