{"dao_id": "synapseprotocol.eth", "L": 1.376102646351243, "C": 0.91872003180276, "L_zscore": 119.45599260148664, "C_zscore": -18.338363566249896, "lambda": 1.3311956971452212, "gamma": 0.9490503060571536, "Cr_mu": 0.9680414472648966, "Cr_std": 0.002689521084253573, "Lr_mu": 1.0337342956428763, "Lr_std": 0.0028660625829842693, "closeness": 0.12446620200271562, "betweenness": 0.00029956183492801567}