{"dao_id": "t3rm.eth", "L": 1.1333333333333333, "C": 0.9, "L_zscore": 13333.333333333328, "C_zscore": -9999.999999999996, "lambda": 1.1333333333333333, "gamma": 0.9, "Cr_mu": 1.0, "Cr_std": 0.0, "Lr_mu": 1.0, "Lr_std": 0.0, "closeness": 0.20382395382395382, "betweenness": 0.0030303030303030303}