{"dao_id": "taco", "L": 1.032967032967033, "C": 0.9725274725274726, "L_zscore": 3296.703296703307, "C_zscore": -2747.252747252737, "lambda": 1.032967032967033, "gamma": 0.9725274725274726, "Cr_mu": 1.0, "Cr_std": 0.0, "Lr_mu": 1.0, "Lr_std": 0.0, "closeness": 0.38263373531230677, "betweenness": 0.0006493506493506495}