{"dao_id": "takeprofitfi.eth", "L": 1.8095238095238095, "C": 0.8333333333333333, "L_zscore": 1.7569171838386635, "C_zscore": 2.344681635569869, "lambda": 1.1585365853658536, "gamma": 2.3026315789473686, "Cr_mu": 0.36190476190476184, "Cr_std": 0.2010629350598346, "Lr_mu": 1.561904761904762, "Lr_std": 0.14093951035189278, "closeness": 0.13108045800353493, "betweenness": 0.015567765567765568}