{"dao_id": "tastefinance.eth", "L": 1.0476190476190477, "C": 0.9523809523809524, "L_zscore": 3.0000000000000018, "C_zscore": -3.000000000000001, "lambda": 1.042654028436019, "gamma": 0.9569377990430622, "Cr_mu": 0.9952380952380953, "Cr_std": 0.014285714285714268, "Lr_mu": 1.0047619047619047, "Lr_std": 0.014285714285714301, "closeness": 0.19183673469387755, "betweenness": 0.0007326007326007328}