{"dao_id": "tea-swap.eth", "L": 1.4736842105263157, "C": 0.8381679020303433, "L_zscore": 43.513175143776564, "C_zscore": 10.850336380553355, "lambda": 1.1885991510006064, "gamma": 1.0794786243785892, "Cr_mu": 0.7764562290548751, "Cr_std": 0.005687535465358631, "Lr_mu": 1.2398496240601502, "Lr_std": 0.005373880110875097, "closeness": 0.462678621672105, "betweenness": 0.004603580562659847}