{"dao_id": "tecommons.eth", "L": 1.376068376068376, "C": 0.8917894607781087, "L_zscore": 58.47202517687468, "C_zscore": -15.041624839012119, "lambda": 1.345029239766082, "gamma": 0.9119384343720367, "Cr_mu": 0.9779053356734518, "Cr_std": 0.005725171038170827, "Lr_mu": 1.023076923076923, "Lr_std": 0.006036928803537644, "closeness": 0.07586606282653136, "betweenness": 0.0004617774232819781}