{"dao_id": "tenspeed", "L": 1.225, "C": 0.8589285714285715, "L_zscore": 26.740263025383147, "C_zscore": -17.403737082814548, "lambda": 1.2168874172185433, "gamma": 0.8645337905098993, "Cr_mu": 0.9935164835164836, "Cr_std": 0.007733276562814313, "Lr_mu": 1.0066666666666666, "Lr_std": 0.00816496580927723, "closeness": 0.05356321123974673, "betweenness": 0.0002379693283976732}