{"dao_id": "tetu.eth", "L": 1.52, "C": 0.8707183474457671, "L_zscore": 6.8983050847457745, "C_zscore": 17.372701653333156, "lambda": 1.0980014447387432, "gamma": 1.3360210386875138, "Cr_mu": 0.6517250269510331, "Cr_std": 0.012605599570215243, "Lr_mu": 1.3843333333333332, "Lr_std": 0.019666666666666655, "closeness": 0.1042268194341927, "betweenness": 0.0013094608546750266}