{"dao_id": "theculturedao.eth", "L": 1.205128205128205, "C": 0.8881118881118882, "L_zscore": 39.50000000000013, "C_zscore": -21.3181818181815, "lambda": 1.2020460358056266, "gamma": 0.8903949520916103, "Cr_mu": 0.9974358974358974, "Cr_std": 0.005128205128205199, "Lr_mu": 1.0025641025641026, "Lr_std": 0.00512820512820511, "closeness": 0.09451091958831896, "betweenness": 0.000632211158526948}