{"dao_id": "thecultureproject.eth", "L": 1.1430960344003822, "C": 0.9427615862398462, "L_zscore": 14309.60344003822, "C_zscore": -5723.841376015381, "lambda": 1.1430960344003822, "gamma": 0.9427615862398462, "Cr_mu": 1.0, "Cr_std": 0.0, "Lr_mu": 1.0, "Lr_std": 0.0, "closeness": 0.19741115050459998, "betweenness": 0.0001640828412902553}