{"dao_id": "thecypherverse.eth", "L": 1.028236914600551, "C": 0.9959661550570638, "L_zscore": 2823.6914600551, "C_zscore": -403.38449429362373, "lambda": 1.028236914600551, "gamma": 0.9959661550570638, "Cr_mu": 1.0, "Cr_std": 0.0, "Lr_mu": 1.0, "Lr_std": 0.0, "closeness": 0.39152637763455117, "betweenness": 5.977713335112054e-05}