{"dao_id": "thegrandbanks.eth", "L": 1.4202127659574468, "C": 0.8575969663375415, "L_zscore": 34.484485402838935, "C_zscore": -3.4819381399697185, "lambda": 1.2687099073414112, "gamma": 0.9668669745476981, "Cr_mu": 0.8869854787818424, "Cr_std": 0.008440274141273673, "Lr_mu": 1.1194148936170214, "Lr_std": 0.008722701493920574, "closeness": 0.38254124752034735, "betweenness": 0.003452797202797203}