{"dao_id": "thewolfgang.eth", "L": 1.7714285714285714, "C": 0.930909090909091, "L_zscore": 15.830465276242814, "C_zscore": 8.362749433428027, "lambda": 1.2801101169993117, "gamma": 1.4806603640893632, "Cr_mu": 0.6287121027121026, "Cr_std": 0.036136080675696264, "Lr_mu": 1.3838095238095238, "Lr_std": 0.024485638347014185, "closeness": 0.013389319905203603, "betweenness": 0.00018896976483762603}