{"dao_id": "thirm", "L": 1.3571428571428572, "C": 0.805952380952381, "L_zscore": 7.5259849480451635, "C_zscore": -3.2597866789613166, "lambda": 1.2297734627831716, "gamma": 0.8939654034068402, "Cr_mu": 0.901547619047619, "Cr_std": 0.029325611615082153, "Lr_mu": 1.1035714285714286, "Lr_std": 0.03369278975734498, "closeness": 0.012480149242276653, "betweenness": 0.00010253570806033203}