{"dao_id": "thropic.eth", "L": 1.1691176470588236, "C": 0.921078431372549, "L_zscore": 76.33333333333364, "C_zscore": -35.44444444444674, "lambda": 1.168258633357825, "gamma": 0.9217561932793721, "Cr_mu": 0.9992647058823529, "Cr_std": 0.0022058823529410355, "Lr_mu": 1.000735294117647, "Lr_std": 0.0022058823529411686, "closeness": 0.3388733943119908, "betweenness": 0.002621082621082621}