{"dao_id": "tikudefi.eth", "L": 1.5333333333333334, "C": 0.8843711843711844, "L_zscore": 6.920539823592176, "C_zscore": 11.095333253189988, "lambda": 1.1250873515024458, "gamma": 1.3576545093920358, "Cr_mu": 0.6513963443963443, "Cr_std": 0.020997552273417132, "Lr_mu": 1.362857142857143, "Lr_std": 0.024633366012147745, "closeness": 0.10451906451906452, "betweenness": 0.0024024024024024027}