{"dao_id": "tiledao.eth", "L": 1.6743961352657004, "C": 0.9495009430751118, "L_zscore": 20.848445743336054, "C_zscore": 27.658963034886817, "lambda": 1.238919073491564, "gamma": 1.3912376231828014, "Cr_mu": 0.6824865337546671, "Cr_std": 0.009653811279318534, "Lr_mu": 1.3514975845410628, "Lr_std": 0.015487895582232939, "closeness": 0.3253758882290622, "betweenness": 0.00585899792668698}