{"dao_id": "tinvdao.eth", "L": 1.3158347676419966, "C": 0.9048056197273896, "L_zscore": 275.47714647108205, "C_zscore": -84.45386045757012, "lambda": 1.313573883161512, "gamma": 0.9063313861788133, "Cr_mu": 0.9983165468230595, "Cr_std": 0.0011072427783529216, "Lr_mu": 1.0017211703958693, "Lr_std": 0.0011402528350173, "closeness": 0.1274091547823488, "betweenness": 0.00025189867770353513}