{"dao_id": "toastfi.eth", "L": 1.2285714285714286, "C": 0.8872327672327672, "L_zscore": 35.03173164749685, "C_zscore": -17.822674969895303, "lambda": 1.222748815165877, "gamma": 0.8913466749633674, "Cr_mu": 0.9953846153846154, "Cr_std": 0.00606821637798647, "Lr_mu": 1.0047619047619047, "Lr_std": 0.006388765649999376, "closeness": 0.3178927177278234, "betweenness": 0.003952569169960473}