{"dao_id": "ton", "L": 1.2666666666666666, "C": 0.8666666666666666, "L_zscore": -0.12038585308577199, "C_zscore": 1.4997969577189576, "lambda": 0.994764397905759, "gamma": 1.2611156022635406, "Cr_mu": 0.6872222222222223, "Cr_std": 0.11964582507045587, "Lr_mu": 1.2733333333333334, "Lr_std": 0.055377492419453826, "closeness": 0.04047619047619047, "betweenness": 0.0005797101449275362}