{"dao_id": "torn-community.eth", "L": 1.748768472906404, "C": 0.8428700282311016, "L_zscore": 3.1474822222616914, "C_zscore": 21.410744296897665, "lambda": 1.0608098012849245, "gamma": 1.6403639435264707, "Cr_mu": 0.5138311114173183, "Cr_std": 0.015367934540298058, "Lr_mu": 1.6485221674876847, "Lr_std": 0.031849681218115065, "closeness": 0.11727914513663794, "betweenness": 0.00243215565796211}