{"dao_id": "tracer.eth", "L": 1.6183574879227054, "C": 0.7333809776374133, "L_zscore": 9.775220017335455, "C_zscore": 13.978345847631738, "lambda": 1.072, "gamma": 1.2576492707201232, "Cr_mu": 0.5831363279982529, "Cr_std": 0.010748385486871853, "Lr_mu": 1.5096618357487923, "Lr_std": 0.011119509533407056, "closeness": 0.3038615972970316, "betweenness": 0.004662004662004662}