{"dao_id": "tradersquare.eth", "L": 1.2545454545454546, "C": 0.8766955266955268, "L_zscore": 8.285098499285173, "C_zscore": -3.7682153393525204, "lambda": 1.219081272084806, "gamma": 0.9017707390200822, "Cr_mu": 0.9721933621933623, "Cr_std": 0.02534298783313286, "Lr_mu": 1.0290909090909088, "Lr_std": 0.027212053721992285, "closeness": 0.049741640028917726, "betweenness": 0.00037814331631688404}