{"dao_id": "tranche.eth", "L": 1.647560975609756, "C": 0.8499223551395421, "L_zscore": 12.073498970160411, "C_zscore": 33.04229662286775, "lambda": 1.0763224984066284, "gamma": 1.4801300774578579, "Cr_mu": 0.574221393162481, "Cr_std": 0.00834388012200869, "Lr_mu": 1.5307317073170732, "Lr_std": 0.009676504597501166, "closeness": 0.2595068962557812, "betweenness": 0.004457203293797688}