{"dao_id": "treatvote.eth", "L": 1.453537936913896, "C": 0.84667753036908, "L_zscore": 40.787189103034585, "C_zscore": 3.1336347478458153, "lambda": 1.229094579008074, "gamma": 1.0229566990787733, "Cr_mu": 0.827676803066599, "Cr_std": 0.006063478621923914, "Lr_mu": 1.1826086956521737, "Lr_std": 0.006642508278207509, "closeness": 0.11699861522196751, "betweenness": 0.0004488065289539264}