{"dao_id": "tripscommunity", "L": 1.4737903225806452, "C": 0.7993284879718218, "L_zscore": 20.422528568613934, "C_zscore": 0.2095022030343816, "lambda": 1.211870026525199, "gamma": 1.0036325257870649, "Cr_mu": 0.7964354157862464, "Cr_std": 0.013809268559818174, "Lr_mu": 1.2161290322580647, "Lr_std": 0.012616522457388727, "closeness": 0.12363710238673681, "betweenness": 0.001160064173762804}