{"dao_id": "truefigov.eth", "L": 1.7900665642601126, "C": 0.8266029601817838, "L_zscore": 2.3194386997036998, "C_zscore": 49.87905251966457, "lambda": 1.0150692488603699, "gamma": 1.5877006736573493, "Cr_mu": 0.5206289660869525, "Cr_std": 0.006134318489193486, "Lr_mu": 1.7634920634920637, "Lr_std": 0.011457298169356105, "closeness": 0.11440508968952542, "betweenness": 0.0011491427975631914}