{"dao_id": "tsukidao.eth", "L": 1.2857142857142858, "C": 0.8571428571428572, "L_zscore": 4.219458229583057, "C_zscore": -1.6136256552509376, "lambda": 1.2040133779264215, "gamma": 0.9132999302340333, "Cr_mu": 0.9385119047619046, "Cr_std": 0.05042622330294665, "Lr_mu": 1.0678571428571428, "Lr_std": 0.051631543910003436, "closeness": 0.016988893459481694, "betweenness": 0.00012066365007541476}