{"dao_id": "ubi-voting.eth", "L": 1.280296022201665, "C": 0.9138535779608028, "L_zscore": 450.9403754624655, "C_zscore": -140.1465094606198, "lambda": 1.279704114655571, "gamma": 0.9142727018430333, "Cr_mu": 0.9995415767293657, "Cr_std": 0.0006114172882246536, "Lr_mu": 1.0004625346901017, "Lr_std": 0.0006205554054115865, "closeness": 0.10335836279826557, "betweenness": 0.00028231216457960646}