{"dao_id": "unfi.eth", "L": 1.516516129032258, "C": 0.8327601817780247, "L_zscore": 118.07834731367606, "C_zscore": 46.4189547412565, "lambda": 1.1843364873988529, "gamma": 1.1222723971307815, "Cr_mu": 0.7420303519066065, "Cr_std": 0.001954585801794861, "Lr_mu": 1.280477419354839, "Lr_std": 0.0019990007909780473, "closeness": 0.33778693268965965, "betweenness": 0.0014685596888986715}