{"dao_id": "uniclynft.eth", "L": 1.6928571428571428, "C": 0.7652174204711985, "L_zscore": 28.546847122233267, "C_zscore": 26.69929546660522, "lambda": 1.125161847216228, "gamma": 1.2925152147618988, "Cr_mu": 0.5920374566825995, "Cr_std": 0.006486312120303244, "Lr_mu": 1.5045454545454544, "Lr_std": 0.006596584467117029, "closeness": 0.12418916004130857, "betweenness": 0.0011752874607732664}