{"dao_id": "unifundglobal.eth", "L": 1.1904761904761905, "C": 0.9238095238095239, "L_zscore": 9.499999999999991, "C_zscore": -3.5000000000000036, "lambda": 1.179245283018868, "gamma": 0.9326923076923077, "Cr_mu": 0.9904761904761905, "Cr_std": 0.019047619047619025, "Lr_mu": 1.0095238095238095, "Lr_std": 0.019047619047619067, "closeness": 0.274025974025974, "betweenness": 0.006060606060606061}