{"dao_id": "uniqueone.eth", "L": 2.234234234234234, "C": 0.9089442318146634, "L_zscore": 256.825306570905, "C_zscore": 125.9758289182269, "lambda": 1.3292274109300692, "gamma": 1.6628926838127498, "Cr_mu": 0.5466042641612916, "Cr_std": 0.0028762657945166055, "Lr_mu": 1.6808517608517608, "Lr_std": 0.0021547038365150126, "closeness": 0.05634870149424949, "betweenness": 0.000491456035197514}