{"dao_id": "unn.eth", "L": 1.3333333333333333, "C": 0.9166666666666666, "L_zscore": 18.073922282301254, "C_zscore": -3.784446313307269, "lambda": 1.3043478260869565, "gamma": 0.9367396593673967, "Cr_mu": 0.9785714285714284, "Cr_std": 0.016357680035540667, "Lr_mu": 1.0222222222222221, "Lr_std": 0.017213259316477433, "closeness": 0.18186090225563908, "betweenness": 0.0043859649122807015}