{"dao_id": "unslashed.eth", "L": 1.619017829214889, "C": 0.828237336310662, "L_zscore": 47.896914588532965, "C_zscore": 125.35967733930484, "lambda": 1.094669759113436, "gamma": 1.359619485483205, "Cr_mu": 0.6091684807064299, "Cr_std": 0.0017475224909145964, "Lr_mu": 1.47900114690856, "Lr_std": 0.0029232923145293874, "closeness": 0.2175733707644632, "betweenness": 0.000914958343735841}