{"dao_id": "upsidedao.eth", "L": 1.264516129032258, "C": 0.870261413944488, "L_zscore": 26451.612903225796, "C_zscore": -12973.858605551202, "lambda": 1.264516129032258, "gamma": 0.870261413944488, "Cr_mu": 1.0, "Cr_std": 0.0, "Lr_mu": 1.0, "Lr_std": 0.0, "closeness": 0.7161372367712361, "betweenness": 0.00751466275659824}