{"dao_id": "usebraintrust.eth", "L": 1.1944444444444444, "C": 0.8849206349206349, "L_zscore": 19444.44444444444, "C_zscore": -11507.93650793651, "lambda": 1.1944444444444444, "gamma": 0.8849206349206349, "Cr_mu": 1.0, "Cr_std": 0.0, "Lr_mu": 1.0, "Lr_std": 0.0, "closeness": 0.09490598290598291, "betweenness": 0.0008974358974358974}