{"dao_id": "v2-multiplierfinance.eth", "L": 1.196078431372549, "C": 0.9360916588857767, "L_zscore": 19607.8431372549, "C_zscore": -6390.834111422328, "lambda": 1.196078431372549, "gamma": 0.9360916588857767, "Cr_mu": 1.0, "Cr_std": 0.0, "Lr_mu": 1.0, "Lr_std": 0.0, "closeness": 0.4375412576580339, "betweenness": 0.004347826086956521}