{"dao_id": "valou.eth", "L": 1.4761904761904763, "C": 0.7571428571428571, "L_zscore": -0.9798637100971991, "C_zscore": 2.63450294102575, "lambda": 0.9480122324159022, "gamma": 2.2425952045133988, "Cr_mu": 0.33761904761904765, "Cr_std": 0.15924211090858256, "Lr_mu": 1.5571428571428572, "Lr_std": 0.08261595987094031, "closeness": 0.10730042016806722, "betweenness": 0.004901960784313726}