{"dao_id": "varen.eth", "L": 1.4020319303338171, "C": 0.8542166739780772, "L_zscore": 30.64586476809434, "C_zscore": -7.4626116236691, "lambda": 1.3001345895020189, "gamma": 0.9221547549168106, "Cr_mu": 0.9263268116587847, "Cr_std": 0.009662855487748607, "Lr_mu": 1.0783744557329462, "Lr_std": 0.010561211995487017, "closeness": 0.3537587433632037, "betweenness": 0.0026268373636794693}