{"dao_id": "vol.eth", "L": 1.3163527977238856, "C": 0.8780695095545562, "L_zscore": 645.3936783080446, "C_zscore": -255.38830890229173, "lambda": 1.314927595073758, "gamma": 0.8790070435570497, "Cr_mu": 0.9989334169625085, "Cr_std": 0.00047325544355357804, "Lr_mu": 1.0010838639750712, "Lr_std": 0.000488490892218404, "closeness": 0.5163023522730138, "betweenness": 0.0014118144990628208}