{"dao_id": "vote.solarmoon.eth", "L": 1.5824175824175823, "C": 0.837945784374356, "L_zscore": 5.569264443704759, "C_zscore": 3.915468708102415, "lambda": 1.1881188118811878, "gamma": 1.235263227038288, "Cr_mu": 0.6783540269254555, "Cr_std": 0.04075929839987015, "Lr_mu": 1.331868131868132, "Lr_std": 0.044987888990019126, "closeness": 0.43202570977025767, "betweenness": 0.025980392156862736}