{"dao_id": "vote-steakhouse.eth", "L": 1.1818181818181819, "C": 0.9090909090909092, "L_zscore": 39.66666666666672, "C_zscore": -19.666666666666654, "lambda": 1.180030257186082, "gamma": 0.9104704097116845, "Cr_mu": 0.9984848484848484, "Cr_std": 0.004545454545454541, "Lr_mu": 1.0015151515151515, "Lr_std": 0.004545454545454542, "closeness": 0.24625850340136052, "betweenness": 0.002597402597402597}