{"dao_id": "votewithrocks.eth", "L": 1.1428571428571428, "C": 0.9398496240601502, "L_zscore": 14285.714285714279, "C_zscore": -6015.037593984984, "lambda": 1.1428571428571428, "gamma": 0.9398496240601502, "Cr_mu": 1.0, "Cr_std": 0.0, "Lr_mu": 1.0, "Lr_std": 0.0, "closeness": 0.5752508361204013, "betweenness": 0.0038461538461538464}