{"dao_id": "vote-rinkeby.airswap.eth", "L": 2.3333333333333335, "C": 0.6466666666666666, "L_zscore": 0.5498764990861138, "C_zscore": 4.8209895302695704, "lambda": 1.0542168674698795, "gamma": 4.575471698113207, "Cr_mu": 0.14133333333333334, "Cr_std": 0.1048194214404521, "Lr_mu": 2.2133333333333334, "Lr_std": 0.21823082128339408, "closeness": 0.2564654095904096, "betweenness": 0.06993006993006994}