{"dao_id": "vote.theborg.eth", "L": 1.4487179487179487, "C": 0.8487179487179487, "L_zscore": 4.388669122486526, "C_zscore": 1.401747573601674, "lambda": 1.1795407098121087, "gamma": 1.1123064199723747, "Cr_mu": 0.763025308025308, "Cr_std": 0.06113271911893565, "Lr_mu": 1.228205128205128, "Lr_std": 0.05024594344170626, "closeness": 0.15737480274585383, "betweenness": 0.003988603988603988}