{"dao_id": "wagmiwarriors.eth", "L": 1.2480782669461914, "C": 0.8938616614516195, "L_zscore": 886.999999999937, "C_zscore": -379.20990615632184, "lambda": 1.2479038569032976, "gamma": 0.893986607168904, "Cr_mu": 0.9998602375960864, "Cr_std": 0.0002795248078270696, "Lr_mu": 1.0001397624039134, "Lr_std": 0.0002795248078267143, "closeness": 0.4345402099495722, "betweenness": 0.0018254555925788791}