{"dao_id": "waifusiongov.eth", "L": 1.3075268817204302, "C": 0.8912680756395998, "L_zscore": 99.24212815130582, "C_zscore": -35.31431906672348, "lambda": 1.3010913759897285, "gamma": 0.8955758380618752, "Cr_mu": 0.9951899523868375, "Cr_std": 0.0029427688114525433, "Lr_mu": 1.0049462365591397, "Lr_std": 0.0030489133072597167, "closeness": 0.10781167113814777, "betweenness": 0.000518786981711852}