{"dao_id": "wdefi.eth", "L": 1.6666666666666667, "C": 0.5833333333333334, "L_zscore": 3.5919965234379383, "C_zscore": -0.07119798637362268, "lambda": 1.2254901960784312, "gamma": 0.9831460674157303, "Cr_mu": 0.5933333333333334, "Cr_std": 0.14045341040297726, "Lr_mu": 1.36, "Lr_std": 0.085374989832438, "closeness": 0.20833333333333334, "betweenness": 0.02777777777777778}