{"dao_id": "wexpolygov.eth", "L": 1.2918801428349636, "C": 0.9296360369951423, "L_zscore": 2684.428571429039, "C_zscore": -651.3777021292375, "lambda": 1.2916996538288392, "gamma": 0.9297654374458267, "Cr_mu": 0.9998608246279407, "Cr_std": 0.00010780962781385682, "Lr_mu": 1.0001397298556125, "Lr_std": 0.00010867877658746749, "closeness": 0.04376137209802746, "betweenness": 3.3162984957940375e-05}