{"dao_id": "wgmiwallet.eth", "L": 1.311864406779661, "C": 0.908591466978375, "L_zscore": 271.9080502211425, "C_zscore": -80.99789618721259, "lambda": 1.3103098019299135, "gamma": 0.9096555858866108, "Cr_mu": 0.9988301958183452, "Cr_std": 0.0011140873169273313, "Lr_mu": 1.0011864406779662, "Lr_std": 0.0011425846562800209, "closeness": 0.22345639589712865, "betweenness": 0.0008073008073008072}