{"dao_id": "windingtree.eth", "L": 1.6268115942028984, "C": 0.8453935838127015, "L_zscore": 7.446062735928283, "C_zscore": 21.894574325680058, "lambda": 1.06853879105188, "gamma": 1.5338944325313637, "Cr_mu": 0.5511419598919599, "Cr_std": 0.013439476810271439, "Lr_mu": 1.522463768115942, "Lr_std": 0.014013825801314252, "closeness": 0.10208462674348844, "betweenness": 0.001773867749443744}