{"dao_id": "wraithswap.eth", "L": 1.1555555555555554, "C": 0.961111111111111, "L_zscore": 14.620598645811537, "C_zscore": -3.1641594084219054, "lambda": 1.1479028697571743, "gamma": 0.9675615212527963, "Cr_mu": 0.9933333333333334, "Cr_std": 0.010183501544346309, "Lr_mu": 1.0066666666666666, "Lr_std": 0.010183501544346276, "closeness": 0.15763339920948619, "betweenness": 0.0013175230566534915}