{"dao_id": "wsbdapp.eth", "L": 1.1352511807642764, "C": 0.9769572062401601, "L_zscore": 13525.118076427643, "C_zscore": -2304.279375983986, "lambda": 1.1352511807642764, "gamma": 0.9769572062401601, "Cr_mu": 1.0, "Cr_std": 0.0, "Lr_mu": 1.0, "Lr_std": 0.0, "closeness": 0.07091744445080546, "betweenness": 2.1952984547450988e-05}