{"dao_id": "xbefinance.eth", "L": 1.2678062678062678, "C": 0.8928774928774927, "L_zscore": 147.04591119783214, "C_zscore": -58.82306499783225, "lambda": 1.2642045454545456, "gamma": 0.8954115159711241, "Cr_mu": 0.997169990503324, "Cr_std": 0.0017729864574325507, "Lr_mu": 1.0028490028490027, "Lr_std": 0.0018018676126315256, "closeness": 0.04506948478187417, "betweenness": 0.0001338253550642931}