{"dao_id": "xwg.eth", "L": 1.4306328592042878, "C": 0.851308983986835, "L_zscore": 54.424782774550394, "C_zscore": -4.643290108953215, "lambda": 1.262277191706075, "gamma": 0.9747334784863102, "Cr_mu": 0.8733761615624976, "Cr_std": 0.00475248736517941, "Lr_mu": 1.1333745619459905, "Lr_std": 0.005461818717580596, "closeness": 0.09401869299801169, "betweenness": 0.0002076192384418996}