{"dao_id": "yape.eth", "L": 1.4835164835164836, "C": 0.84334435405864, "L_zscore": 5.066228051190213, "C_zscore": 4.131096692721486, "lambda": 1.1287625418060199, "gamma": 1.218708813818495, "Cr_mu": 0.6919982398553828, "Cr_std": 0.0366358198465583, "Lr_mu": 1.3142857142857145, "Lr_std": 0.03340370143641907, "closeness": 0.30146033412787254, "betweenness": 0.011027568922305764}