{"dao_id": "yffs", "L": 1.511111111111111, "C": 0.8722222222222221, "L_zscore": 3.638034375544994, "C_zscore": 3.5524781313362896, "lambda": 1.1239669421487601, "gamma": 1.3187103276977166, "Cr_mu": 0.6614206349206349, "Cr_std": 0.05933930611482548, "Lr_mu": 1.3444444444444446, "Lr_std": 0.045812284729085086, "closeness": 0.058730722402597406, "betweenness": 0.0014051808406647117}