{"dao_id": "ymen", "L": 1.6096866096866096, "C": 0.8378236748790584, "L_zscore": 7.5150908601462945, "C_zscore": 15.501551028196767, "lambda": 1.0939012584704744, "gamma": 1.4208911655070713, "Cr_mu": 0.5896466212315885, "Cr_std": 0.016009820771872744, "Lr_mu": 1.4715099715099715, "Lr_std": 0.018386555897735107, "closeness": 0.24729703722451704, "betweenness": 0.0057801906922723715}