{"dao_id": "yuntcapital.eth", "L": 1.0095238095238095, "C": 0.9904761904761905, "L_zscore": 952.3809523809489, "C_zscore": -952.3809523809489, "lambda": 1.0095238095238095, "gamma": 0.9904761904761905, "Cr_mu": 1.0, "Cr_std": 0.0, "Lr_mu": 1.0, "Lr_std": 0.0, "closeness": 0.8672222222222222, "betweenness": 0.0005952380952380953}