{"dao_id": "yzydao.eth", "L": 1.3594080338266386, "C": 0.8669682432176935, "L_zscore": 55.218923312075724, "C_zscore": -18.605733167050502, "lambda": 1.3134511285874786, "gamma": 0.8967548909803063, "Cr_mu": 0.9667839584013299, "Cr_std": 0.005364782687542961, "Lr_mu": 1.0349894291754755, "Lr_std": 0.005875134558811952, "closeness": 0.24548030669783197, "betweenness": 0.0015493278651173385}