{"dao_id": "zaifinance.eth", "L": 1.4544144144144144, "C": 0.9253775619874726, "L_zscore": 40.2297313296594, "C_zscore": 9.999801886523352, "lambda": 1.2641338052432112, "gamma": 1.080866763643168, "Cr_mu": 0.8561439699268727, "Cr_std": 0.0069234963698536255, "Lr_mu": 1.1505225225225224, "Lr_std": 0.007553913035154861, "closeness": 0.05651836757345083, "betweenness": 0.0001370690910830089}