{"dao_id": "zerogoki.eth", "L": 1.7222222222222223, "C": 0.8666666666666667, "L_zscore": 7.942703473096455, "C_zscore": 2.1118454523739767, "lambda": 1.3537117903930134, "gamma": 1.205164992826399, "Cr_mu": 0.7191269841269841, "Cr_std": 0.06986291651873942, "Lr_mu": 1.2722222222222221, "Lr_std": 0.05665577237325317, "closeness": 0.2041990129385087, "betweenness": 0.01904761904761905}