{"dao_id": "zeta", "L": 1.3, "C": 0.7, "L_zscore": 3.0000000000000044, "C_zscore": -2.2738101868796, "lambda": 1.1607142857142858, "gamma": 0.7954545454545455, "Cr_mu": 0.8799999999999999, "Cr_std": 0.07916228058025279, "Lr_mu": 1.1199999999999999, "Lr_std": 0.05999999999999996, "closeness": 0.37823129251700677, "betweenness": 0.028571428571428574}