{"dao_id": "\u00farnua.eth", "L": 1.1666666666666667, "C": 0.9047619047619047, "L_zscore": 19.666666666666746, "C_zscore": -11.095238095238091, "lambda": 1.1634349030470914, "gamma": 0.9072821329088738, "Cr_mu": 0.9972222222222221, "Cr_std": 0.008333333333333337, "Lr_mu": 1.0027777777777778, "Lr_std": 0.008333333333333304, "closeness": 0.06756598240469207, "betweenness": 0.0004449388209121246}